INSERT INTO contact_info (id, phone, email, address, telegram, vk)
VALUES (1,
        '+7 999 123-45-67',
        'info@example.com',
        'Пенза, ул. Красная 1',
        '@example_telegram',
        'vk.com/example');

INSERT INTO filter_param (id, filters, filter_values)
VALUES (5, '["colour","type","sizeBall","material"]', '{
     "sizeBall": ["3", "4", "5", "6", "7", "0", "1", "2"],
    "type": ["баскетбольный", "пляжный футбол", "регби", "футбольный", "футзальный", "гандбольный", "волейбольный"],
    "colour": ["оранжевый", "желтый", "коричневый", "белый", "бежевый", "красный", "черный", "розовый"],
    "material": ["резина", "композит", "эко-резина", "кожа", "водостойкий ПВХ", "ПВХ", "зимний ПВХ", "термоПВХ", "пена"]
}'),

       (3, '["colour","type","sizeShoes","material"]', '{
     "sizeShoes": ["40", "41", "42", "43", "44", "45"],
    "type": ["Футбольные бутсы", "Сороконожки", "Зальные", "Баскетбольные", "Беговые", "Сланцы"],
    "colour": ["Коралловый", "Черно-синий", "Бело-синий", "Желто-оранжевый", "Черный", "Белый", "Черный"],
    "material": ["Синтетика", "Текстиль", "Резина"]
}'),

       (6, '["colour","type"]', '{
    "type": ["держатели для щитков", "фиксаторы для щитков", "капитанская повязка"],
    "colour": ["черный", "белый", "синий", "оранжевый", "желтый"]
}'),

       (7, '["colour"]', '{
     "colour": ["белый", "черный", "разноцветный", "серебристый", "желтый"]
}'),

       (8, '["colour","type","sizeTShirts","material","printType"]', '{
   "colour": ["черный", "белый", "черно-синий", "черно-красный", "черно-белый", "красно-синий", "красно-темно-красно-белый", "красный", "синий", "темно-серый", "темно-синий", "серый"],
    "type": ["повседневная футболка", "игровая футболка", "игровая футболка детская", "игровая футболка профессиональная", "игровая футболка женская", "тренировочная футболка", "тренировочная футболка детская", "тренировочная майка", "женское поло"],
     "sizeTShirts": ["32", "34", "44", "46", "48"],
     "material": ["хлопок", "полиэстер"],
     "printType": ["принт Power Inside", "полоски", "градиент", "логотип", "без принта"]
}'),

       (9, '["colour","sizeProduct"]', '{
     "colour": ["Синий", "черный/белый", "Черный", "желтый", "Белый"],
     "sizeProduct": ["XS", "S", "M", "L"]
}'),

       (10, '["colour","sizeGloves"]', '{
    "colour": ["желтый", "коралловый/белый", "белый/черный", "белый/коралловый", "коралловый", "белый", "черный/белый", "белый/аква", "черный/желтый", "желтый/черный", "синий/желтый", "белый/синий"],
     "sizeGloves": ["6", "7", "8", "9", "10"]
}'),

       (11, '["colour","type","sizeProduct"]', '{
     "colour": ["оранжево-белый", "черный", "зеленый", "желтый", "синий", "темно-синий", "гранатовый", "голубой", "красный", "белый", "черный/красный", "серый"],
    "type": ["футбольные гетры", "футбольные гольфы"],
    "sizeProduct": ["S", "M", "L"]
}'),

       (12, '["colour","type","sizeShorts","material"]', '{
     "colour": ["черный", "темно-синий", "серый", "желто-белый", "сине-белый", "бир (светло-коричневый)", "красный", "голубой", "гранатовый", "зеленый", "красно-темно-красно-белый", "светло-синий", "сине-темно-сине-белый", "темно-сине-сине-белый", "белый", "желтый", "бело-черный", "красно-белый", "черно-белый", "темно-сине-белый", "темно-серый"],
    "type": ["повседневные шорты", "повседневные шорты детские", "футбольные шорты", "футбольные шорты детские", "игровые шорты", "игровые шорты детские", "компрессионные шорты", "парадные шорты", "спортивные шорты", "спортивные шорты детские", "тренировочные шорты"],
    "sizeShorts": ["30", "32", "34", "46", "48"],
     "material": ["хлопок", "полиэстер", "полиэстер (PerformDry)", "полиэстер (PerformDry Woven)", "полиэстер (Woven)"]
}'),

       (13, '["colour","material","sizeJacket"]', '{
    "colour": ["темно-синий", "черный", "синий", "серый", "красный", "зеленый", "желтый"],
    "material": ["флис", "полиэстер (PerformDry Woven)", "полиэстер (на подкладе)", "полиэстер (утепленный)", "полиэстер (водоотталкивающий)", "полиэстер (PerformProof)", "хлопок (флис)"],
      "sizeJacket": ["S", "M", "L", "XL"]
}'),

       (14, '["colour","sizePants","material"]', '{
      "colour": ["темно-синий", "черный", "темно-серый"],
    "sizePants": ["S", "M", "L", "XL"],
    "material": ["полиэстер", "полиэстер (PerformDry)", "хлопок (флис)"]
}'),

       (15, '["colour","material","sizeSweater"]', '{
     "colour": ["черный", "синий", "темно-синий", "серый", "красный"],
     "material": ["полиэстер", "полиэстер (PerformDry)", "полиэстер (флис)", "полиэстер (CVC)", "хлопок (флис)"],
    "size_sweatersizeSweater": ["S", "M", "L", "XL"]
}'),

       (16, '["colour","sizeSportsUnderwear","material"]', '{
     "colour": ["гранатовый", "зеленый", "желтый", "черный", "синий", "темно-синий", "темно-серый", "белый", "черно-белый", "сине-белый", "темно-сине-белый", "бело-черный", "темно-зеленый", "серый", "голубой", "красный"],
    "sizeSportsUnderwear": ["S", "M", "L", "XL"],
     "material": ["полиэстер (PerformDry)", "полиэстер (эластичный)", "полиэстер (утепленный PerformDry)"]
}');

INSERT INTO page (id, page_name, contact_info_id, filter_id)
VALUES (1,
        'Sportswear store',
        1,
        null),
       (3,
        'Обувь',
        1,
        3),
       (5,
        'Мячи',
        1,
        5),
       (6,
        'Аксессуары',
        1,
        6),
       (7,
        'Инвентарь',
        1,
        7),
       (2,
        'Игровая форма',
        1,
        null),
       (12,
        'Шорты',
        1,
        12),
       (8,
        'Футболки',
        1,
        8),
       (9,
        'Щитки',
        1,
        9),
       (10,
        'Вратарские Перчатки',
        1,
        10),
       (11,
        'Гетры и гольфы',
        1,
        11),
       (13,
        'Куртки и ветровки',
        1,
        13),
       (14,
        'Брюки',
        1,
        14),
       (15,
        'Джемперы/олимпийки/толстовки/худи',
        1,
        15),
       (16,
        'Спортивное бельё',
        1,
        16),
       (4,
        'Одежда',
        1,
        null);


INSERT INTO product (id, name, price, image_url, path, page_id)
VALUES (5,
        'Шорты',
        null,
        'shorty-essential-cotton-shorts-black-1.png',
        '/api/page/12',
        2),
       (6,
        'Футболки',
        null,
        'futbolka-dna-power-inside-loose-tee-black.png',
        '/api/page/8',
        2),
       (7,
        'Щитки',
        null,
        'shchitki-futbolnye-ja-201-black.png',
        '/api/page/9',
        2),
       (8,
        'Вратарские перчатки',
        null,
        'perchatki-vratarskie-genesis-sl3-negative-hybrid.png',
        '/api/page/10',
        2),
       (9,
        'Гетры и гольфы',
        null,
        'getry-futbolnye-match-performdry-socks-yellow.png',
        '/api/page/11',
        2),
       (10,
        'Куртки и ветровки',
        null,
        'kurtka-paradnaya-premier-performdry-woven-jacket-blue.png',
        '/api/page/13',
        4),
       (11,
        'Брюки',
        null,
        'bryuki-trenirovochnye-division-performdry-pro-training-pants-black.png',
        '/api/page/14',
        4),
       (12,
        'Джемперы/олимпийки/толстовки/худи',
        null,
        'dzhemper-trenirovochnyy-division-performdry-pro-training-top-blue.png',
        '/api/page/15',
        4),
       (13,
        'Спортивное бельё',
        null,
        'futbolka-kompressionnaya-camp-performdry-top-ls-green.png',
        '/api/page/16',
        4),
       (14,
        'Футболки',
        null,
        'futbolka-dna-power-inside-loose-tee-white.png',
        '/api/page/8',
        4),
       (15,
        'Шорты',
        null,
        'shorty-futbolnye-camp-jft-1120-071-siniy-belyy.png',
        '/api/page/12',
        4),
       (25,
        'Шорты',
        null,
        'shorty-essential-cotton-shorts-black-1.png',
        '/api/page/12',
        1),
       (26,
        'Футболки',
        null,
        'futbolka-dna-power-inside-loose-tee-black.png',
        '/api/page/8',
        1),
       (27,
        'Щитки',
        null,
        'shchitki-futbolnye-ja-201-black.png',
        '/api/page/9',
        1),
       (28,
        'Вратарские перчатки',
        null,
        'perchatki-vratarskie-genesis-sl3-negative-hybrid.png',
        '/api/page/10',
        1),
       (29,
        'Гетры и гольфы',
        null,
        'getry-futbolnye-match-performdry-socks-yellow.png',
        '/api/page/11',
        1),
       (210,
        'Куртки и ветровки',
        null,
        'kurtka-paradnaya-premier-performdry-woven-jacket-blue.png',
        '/api/page/13',
        1),
       (211,
        'Брюки',
        null,
        'bryuki-trenirovochnye-division-performdry-pro-training-pants-black.png',
        '/api/page/14',
        1),
       (212,
        'Джемперы/олимпийки/толстовки/худи',
        null,
        'dzhemper-trenirovochnyy-division-performdry-pro-training-top-blue.png',
        '/api/page/15',
        1),
       (213,
        'Спортивное бельё',
        null,
        'futbolka-kompressionnaya-camp-performdry-top-ls-green.png',
        '/api/page/16',
        1),
       (214,
        'Футболки',
        null,
        'futbolka-dna-power-inside-loose-tee-white.png',
        '/api/page/8',
        1),
       (215,
        'Шорты',
        null,
        'shorty-futbolnye-camp-jft-1120-071-siniy-belyy.png',
        '/api/page/12',
        1),

       (45,
        'Мячи',
        null,
        'basketbolnyy-myach-jb-1000-ecoball-2-0-7.png',
        '/api/page/5',
        1),
       (46,
        'Аксессуары',
        null,
        'fiksatory-shchitkov-guard-stay-white.png',
        '/api/page/6',
        1),
       (47,
        'Инвентарь',
        null,
        'setka-dlya-myachey-team-ball-bag.png',
        '/api/page/7',
        1),
       (48,
        'Обувь',
        null,
        'butsy-futbolnye-evofly-fg-talant-yellow-orange.png',
        '/api/page/13',
        1);



INSERT INTO menu (id, title, path, parent_id, page_id)
VALUES (1, 'Главная', '/api/page/1', NULL, 1),
       (2, 'Игровая форма', '/api/page/2', NULL, 2),
       (3, 'Обувь', '/api/page/3', NULL, 3),
       (4, 'Одежда', '/api/page/4', NULL, 4),
       (5, 'Мячи', '/api/page/5', NULL, 5),
       (6, 'Аксессуары', '/api/page/6', NULL, 6),
       (7, 'Инвентарь', '/api/page/7', NULL, 7);


INSERT INTO ball (name, price, image_url, size_ball, type, colour, description, material)
VALUES -- Баскетбольные мячи (цвет оранжевый, так как все баскетбольные мячи оранжевые по умолчанию)
       ('Мяч AllStar 2025', 2990, 'basketbolnyy-myach-allstar-2025-7.png', 7, 'баскетбольный', 'оранжевый',
        'Баскетбольный мяч AllStar 2025 — используется для игры в баскетбол на открытых и закрытых площадках. Удобен тем, что имеет усиленный резиновый слой и глубокий рельеф для отличного сцепления. Характеристики: размер 7, подходит для взрослых игроков, профессиональный уровень.',
        'резина'),
       ('Мяч AllStar 2026', 3190, 'basketbolnyy-myach-allstar-2026-7.png', 7, 'баскетбольный', 'оранжевый',
        'Баскетбольный мяч AllStar 2026 — используется для соревнований и интенсивных тренировок. Удобен тем, что сохраняет идеальную форму даже при агрессивной игре. Характеристики: размер 7, улучшенная амортизация, надежный шов.',
        'композит'),
       ('Мяч JB 1000 EcoBall 2.0', 2490, 'basketbolnyy-myach-jb-1000-ecoball-2-0-5.png', 5, 'баскетбольный',
        'оранжевый',
        'Баскетбольный мяч JB 1000 EcoBall 2.0 — используется для тренировок детей и начинающих игроков. Удобен тем, что изготовлен из переработанных материалов и безопасен для экологии. Характеристики: размер 5, легкий вес, мягкое покрытие.',
        'эко-резина'),
       ('Мяч JB 1000 EcoBall 2.0 (6)', 2590, 'basketbolnyy-myach-jb-1000-ecoball-2-0-6.png', 6, 'баскетбольный',
        'оранжевый',
        'Баскетбольный мяч JB 1000 EcoBall 2.0 — используется для юниорских тренировок. Удобен тем, что оптимален для рук подростков. Характеристики: размер 6 (женский/юниорский), экологичные материалы.',
        'эко-резина'),
       ('Мяч JB 1000 EcoBall 2.0 (7)', 2690, 'basketbolnyy-myach-jb-1000-ecoball-2-0-7.png', 7, 'баскетбольный',
        'оранжевый',
        'Баскетбольный мяч JB 1000 EcoBall 2.0 — используется для взрослых любителей. Удобен тем, что сочетает стандартный размер и экологичность. Характеристики: размер 7, прочный, долговечный.',
        'эко-резина'),
       ('Мяч Money Ball 2025', 3990, 'basketbolnyy-myach-money-ball-2025-7.png', 7, 'баскетбольный', 'оранжевый',
        'Баскетбольный мяч Money Ball 2025 — используется для официальных матчей и турниров. Удобен тем, что имеет премиальное покрытие и уникальный дизайн. Характеристики: размер 7, профессиональный уровень, отличное сцепление.',
        'кожа'),
       ('Мяч Pro Training EcoBall 2.0 Replica (5)', 1890, 'basketbolnyy-myach-pro-training-ecoball-2-0-replica-5.png',
        5, 'баскетбольный', 'оранжевый',
        'Баскетбольный мяч Pro Training EcoBall 2.0 Replica — используется для детских тренировок. Удобен тем, что доступен по цене и очень живучий. Характеристики: размер 5, реплика профессиональной модели.',
        'резина'),
       ('Мяч Pro Training EcoBall 2.0 Replica (6)', 1990, 'basketbolnyy-myach-pro-training-ecoball-2-0-replica-6.png',
        6, 'баскетбольный', 'оранжевый',
        'Баскетбольный мяч Pro Training EcoBall 2.0 Replica — используется для юниоров. Удобен тем, что легче стандартного мяча. Характеристики: размер 6, тренировочная серия, эко-материалы.',
        'резина'),
       ('Мяч Pro Training EcoBall 2.0 Replica (7)', 2090, 'basketbolnyy-myach-pro-training-ecoball-2-0-replica-7.png',
        7, 'баскетбольный', 'оранжевый',
        'Баскетбольный мяч Pro Training EcoBall 2.0 Replica — используется для ежедневных тренировок взрослых. Удобен тем, что выдерживает большие нагрузки. Характеристики: размер 7, усиленная конструкция.',
        'резина'),
       ('Мяч Streets All-Star 3', 2790, 'basketbolnyy-myach-streets-all-star-3-new.png', 3, 'баскетбольный',
        'оранжевый',
        'Баскетбольный мяч Streets All-Star 3 — используется для обучения детей 4-6 лет. Удобен тем, что очень легкий и безопасный. Характеристики: размер 3, яркий дизайн.',
        'резина'),
       ('Мяч Streets All-Star 5', 2890, 'basketbolnyy-myach-streets-all-star-5-new.png', 5, 'баскетбольный',
        'оранжевый',
        'Баскетбольный мяч Streets All-Star 5 — используется для детей 7-9 лет. Удобен тем, что помогает освоить технику броска. Характеристики: размер 5, уличная серия, прочный.',
        'резина'),
       ('Мяч Streets All-Star 6', 2990, 'basketbolnyy-myach-streets-all-star-6-new.png', 6, 'баскетбольный',
        'оранжевый',
        'Баскетбольный мяч Streets All-Star 6 — используется для игры на уличных площадках девушками и юношами. Удобен тем, что отлично амортизирует. Характеристики: размер 6, устойчив к истиранию.',
        'резина'),
       ('Мяч Streets All-Star 7', 3090, 'basketbolnyy-myach-streets-all-star-7-new.png', 7, 'баскетбольный',
        'оранжевый',
        'Баскетбольный мяч Streets All-Star 7 — используется для уличного баскетбола взрослыми. Удобен тем, что имеет усиленное покрытие от царапин. Характеристики: размер 7, всепогодный.',
        'резина'),
       ('Мяч Streets Legend 23', 3490, 'basketbolnyy-myach-streets-legend23-7.png', 7, 'баскетбольный', 'оранжевый',
        'Баскетбольный мяч Streets Legend 23 — используется для продвинутой уличной игры. Удобен тем, что обеспечивает превосходный контроль мяча. Характеристики: размер 7, глубокие желобки.',
        'композит'),
       ('Мяч Streets Legend 24', 3590, 'basketbolnyy-myach-streets-legend24-7.png', 7, 'баскетбольный', 'оранжевый',
        'Баскетбольный мяч Streets Legend 24 — используется в любую погоду. Удобен тем, что сохраняет форму даже при низких температурах. Характеристики: размер 7, всепогодный, надежный.',
        'композит'),
       ('Мяч Streets Legend 33', 3690, 'basketbolnyy-myach-streets-legend33-7.png', 7, 'баскетбольный', 'оранжевый',
        'Баскетбольный мяч Streets Legend 33 — используется для агрессивного дриблинга. Удобен тем, что имеет максимальное сцепление с рукой. Характеристики: размер 7, профессиональное покрытие.',
        'композит'),
       ('Мяч Streets Legend 47', 3790, 'basketbolnyy-myach-streets-legend47-7.png', 7, 'баскетбольный', 'оранжевый',
        'Баскетбольный мяч Streets Legend 47 — используется для турниров по стритболу. Удобен тем, что устойчив к истиранию об асфальт. Характеристики: размер 7, премиум уличная серия.',
        'композит'),
       ('Мяч Training EcoBall 2.0 Replica 7', 2190, 'basketbolnyy-myach-training-ecoball-2-0-replica-7.png', 7,
        'баскетбольный', 'оранжевый',
        'Баскетбольный мяч Training EcoBall 2.0 Replica — используется для массовых тренировок в спортзалах. Удобен тем, что экономичный и надежный. Характеристики: размер 7, базовый уровень.',
        'резина'),

-- Пляжный футбол (цвет желтый — по названию файла beach, пляжные мячи часто желтые/оранжевые)
       ('Мяч Triumph Beach Elite 5 RFS', 2490, 'myach-dlya-plyazhnogo-futbola-triumph-beach-elite-5-rfs.png', 5,
        'пляжный футбол', 'желтый',
        'Мяч для пляжного футбола Triumph Beach Elite RFS — используется для игры на песке и официальных матчей RFS. Удобен тем, что имеет пониженное давление и водонепроницаемое покрытие. Характеристики: размер 5, яркий, не тонет в воде.',
        'водостойкий ПВХ'),
       ('Мяч Triumph Beach Elite 5', 2390, 'myach-dlya-plyazhnogo-futbola-triumph-beach-elite-5.png', 5,
        'пляжный футбол', 'желтый',
        'Мяч для пляжного футбола Triumph Beach Elite — используется для любительской игры на пляже. Удобен тем, что легкий и не впитывает воду. Характеристики: размер 5, отличная видимость в солнечную погоду.',
        'водостойкий ПВХ'),

-- Регби (цвет коричневый — классический для регби)
       ('Мяч Titan EcoBall 3', 1990, 'myach-dlya-regbi-titan-ecoball-3.png', 3, 'регби', 'коричневый',
        'Мяч для регби Titan EcoBall — используется для обучения детей от 5 лет. Удобен тем, что мягкий, безопасный и легкий. Характеристики: размер 3, эко-материалы, идеален для первых тренировок.',
        'эко-резина'),
       ('Мяч Titan EcoBall 4', 2190, 'myach-dlya-regbi-titan-ecoball-4.png', 4, 'регби', 'коричневый',
        'Мяч для регби Titan EcoBall — используется для юниоров 10-14 лет. Удобен тем, что помогает освоить правильный пас и удержание мяча. Характеристики: размер 4, тренировочный, прочный.',
        'эко-резина'),
       ('Мяч Titan EcoBall 5', 2390, 'myach-dlya-regbi-titan-ecoball-5.png', 5, 'регби', 'коричневый',
        'Мяч для регби Titan EcoBall — используется для взрослых любителей и официальных игр. Удобен тем, что имеет классическую форму и отличное сцепление. Характеристики: размер 5, стандарт World Rugby.',
        'эко-резина'),

-- Футбольные мячи (белые — классика, есть зимние, мини и т.д.)
       ('Мяч Meridian Elite 5 RFS', 2790, 'myach-futbolnyy-meridian-elite-5-rfs.png', 5, 'футбольный', 'белый',
        'Футбольный мяч Meridian Elite RFS — используется для официальных матчей под эгидой RFS. Удобен тем, что сертифицирован и имеет идеальную сферичность. Характеристики: размер 5, профессиональный уровень.',
        'ПВХ'),
       ('Мяч Meridian Elite 5 (сезон 26-27)', 2890, 'myach-futbolnyy-meridian-elite-5-sezon-26-27.png', 5, 'футбольный',
        'белый',
        'Футбольный мяч Meridian Elite сезон 26-27 — используется в новом игровом сезоне. Удобен тем, что имеет актуальный дизайн и современные технологии. Характеристики: размер 5, матчевый.',
        'ПВХ'),
       ('Мяч Meridian Elite 5', 2690, 'myach-futbolnyy-meridian-elite-5.png', 5, 'футбольный', 'белый',
        'Футбольный мяч Meridian Elite — используется для тренировок и любительских матчей. Удобен тем, что сбалансированный и предсказуемый в полете. Характеристики: размер 5, классическая модель.',
        'ПВХ'),
       ('Мяч Meridian Elite Winter 5', 2990, 'myach-futbolnyy-meridian-elite-winter-5.png', 5, 'футбольный', 'белый',
        'Футбольный мяч Meridian Elite Winter — используется для игры зимой на морозе. Удобен тем, что не дубеет и сохраняет эластичность при минусовых температурах. Характеристики: размер 5, всепогодный.',
        'зимний ПВХ'),
       ('Мяч Meridian Elite Winter Russian Cup 5', 3290, 'myach-futbolnyy-meridian-elite-winter-russian-cup-5.png', 5,
        'футбольный', 'белый',
        'Футбольный мяч Meridian Elite Winter Russian Cup — используется для зимних кубковых матчей. Удобен тем, что лимитированная серия к Кубку России. Характеристики: размер 5, коллекционный дизайн.',
        'зимний ПВХ'),
       ('Мяч Meridian Mini Russian Cup 1', 990, 'myach-futbolnyy-meridian-mini-russian-cup-1.png', 1, 'футбольный',
        'белый',
        'Мини-футбольный мяч Meridian Mini Russian Cup — используется как сувенир или для отработки техники дома. Удобен тем, что маленький, легкий и занимает мало места. Характеристики: размер 1, для фанатов.',
        'ПВХ'),
       ('Мяч Triumph Elite 5 RFS', 2590, 'myach-futbolnyy-triumph-elite-5-rfs.png', 5, 'футбольный', 'белый',
        'Футбольный мяч Triumph Elite RFS — используется для любительских лиг и турниров RFS. Удобен тем, что отличное соотношение цены и качества. Характеристики: размер 5, сертифицированный.',
        'ПВХ'),
       ('Мяч Triumph Elite 5', 2490, 'myach-futbolnyy-triumph-elite-5.png', 5, 'футбольный', 'белый',
        'Футбольный мяч Triumph Elite — используется для игры на любых покрытиях (газон, паркет, грунт). Удобен тем, что универсальный и надежный. Характеристики: размер 5, тренировочный.',
        'ПВХ'),
       ('Мяч Triumph Elite Winter 5 RFS', 2890, 'myach-futbolnyy-triumph-elite-winter-5-rfs.png', 5, 'футбольный',
        'белый',
        'Футбольный мяч Triumph Elite Winter RFS — используется для зимних официальных матчей. Удобен тем, что сертифицирован для низких температур. Характеристики: размер 5, зимняя версия.',
        'зимний ПВХ'),
       ('Мяч Triumph Elite Winter 5', 2790, 'myach-futbolnyy-triumph-elite-winter-5.png', 5, 'футбольный', 'белый',
        'Футбольный мяч Triumph Elite Winter — используется для любительской игры зимой. Удобен тем, что мягкий даже в мороз. Характеристики: размер 5, доступная зимняя модель.',
        'зимний ПВХ'),
       ('Мяч Triumph Elite WSL 5 RFS', 2990, 'myach-futbolnyy-triumph-elite-wsl-5-rfs.png', 5, 'футбольный', 'белый',
        'Футбольный мяч Triumph Elite WSL RFS — используется для женской Суперлиги. Удобен тем, что адаптирован под женскую игру. Характеристики: размер 5, официальный мяч WSL.',
        'ПВХ'),
       ('Мяч Triumph Elite WSL 5', 2890, 'myach-futbolnyy-triumph-elite-wsl-5.png', 5, 'футбольный', 'белый',
        'Футбольный мяч Triumph Elite WSL — используется для тренировок женских команд. Удобен тем, что легче стандартного мяча. Характеристики: размер 5, облегченная версия.',
        'ПВХ'),
       ('Мяч Triumph Elite YFL 5 RFS', 2990, 'myach-futbolnyy-triumph-elite-yfl-5-rfs.png', 5, 'футбольный', 'белый',
        'Футбольный мяч Triumph Elite YFL RFS — используется для юношеских футбольных лиг. Удобен тем, что соответствует стандартам RFS для молодежи. Характеристики: размер 5, юношеский.',
        'ПВХ'),
       ('Мяч Triumph Elite YFL 5', 2890, 'myach-futbolnyy-triumph-elite-yfl-5.png', 5, 'футбольный', 'белый',
        'Футбольный мяч Triumph Elite YFL — используется для тренировок юношей. Удобен тем, что прочный и долговечный. Характеристики: размер 5, тренировочный.',
        'ПВХ'),
       ('Мяч Triumph Pro 5 RFS', 3490, 'myach-futbolnyy-triumph-pro-5-rfs.png', 5, 'футбольный', 'белый',
        'Футбольный мяч Triumph Pro RFS — используется для профессиональных матчей. Удобен тем, что имеет панели с термосклейкой. Характеристики: размер 5, премиум класс.',
        'термоПВХ'),
       ('Мяч Triumph Pro 5', 3390, 'myach-futbolnyy-triumph-pro-5.png', 5, 'футбольный', 'белый',
        'Футбольный мяч Triumph Pro — используется для топовых любительских турниров. Удобен тем, что почти не впитывает влагу. Характеристики: размер 5, профессиональное качество.',
        'термоПВХ'),

-- Футзальные мячи (цвета: белый, желтый — определяем по окончанию файла)
       ('Мяч Cometa 4', 2290, 'myach-futzalnyy-cometa-4.png', 4, 'футзальный', 'белый',
        'Мяч для футзала Cometa — используется для игры в мини-футбол в зале. Удобен тем, что имеет пониженный отскок (падающий эффект). Характеристики: размер 4, профессиональный.',
        'ПВХ'),
       ('Мяч Inspire 4 белый', 2390, 'myach-futzalnyy-inspire-4-belyy.png', 4, 'футзальный', 'белый',
        'Мяч для футзала Inspire 4 — используется для официальных игр. Удобен тем, что обеспечивает отличный контроль на паркете. Характеристики: размер 4, белый классический.',
        'ПВХ'),
       ('Мяч Inspire 4 White New', 2490, 'myach-futzalnyy-inspire-4-white-new.png', 4, 'футзальный', 'белый',
        'Мяч для футзала Inspire 4 White New — обновленная версия. Удобен тем, что имеет усиленные швы. Характеристики: размер 4, новая модель, белый.',
        'ПВХ'),
       ('Мяч Inspire 4 Yellow New', 2490, 'myach-futzalnyy-inspire-4-yellow-new.png', 4, 'футзальный', 'желтый',
        'Мяч для футзала Inspire 4 Yellow New — используется при плохом освещении в зале. Удобен тем, что яркий и заметный. Характеристики: размер 4, желтый, новый дизайн.',
        'ПВХ'),
       ('Мяч Inspire 4 желтый', 2390, 'myach-futzalnyy-inspire-4-zheltyy.png', 4, 'футзальный', 'желтый',
        'Мяч для футзала Inspire 4 желтый — используется для тренировок и матчей. Удобен тем, что не сливается с паркетом. Характеристики: размер 4, желтый классический.',
        'ПВХ'),
       ('Мяч Optima 4', 2190, 'myach-futzalnyy-optima-4.png', 4, 'футзальный', 'белый',
        'Мяч для футзала Optima — используется для любительских лиг. Удобен тем, что доступный и качественный. Характеристики: размер 4, тренировочный.',
        'ПВХ'),
       ('Мяч Pulsar 4', 2590, 'myach-futzalnyy-pulsar-4.png', 4, 'футзальный', 'белый',
        'Мяч для футзала Pulsar — используется для динамичной игры. Удобен тем, что имеет аэродинамические выемки. Характеристики: размер 4, премиум.',
        'ПВХ'),
       ('Мяч Star 4 White', 2290, 'myach-futzalnyy-star-4-white.png', 4, 'футзальный', 'белый',
        'Мяч для футзала Star 4 White — используется для официальных соревнований. Удобен тем, что сертифицирован. Характеристики: размер 4, белый.',
        'ПВХ'),
       ('Мяч Superliga 4', 2790, 'myach-futzalnyy-superliga-4.png', 4, 'футзальный', 'белый',
        'Мяч для футзала Superliga — используется для матчей Суперлиги. Удобен тем, что топ-уровень качества. Характеристики: размер 4, профессиональный.',
        'термоПВХ'),
       ('Мяч Superliga Replica 4', 1990, 'myach-futzalnyy-superliga-replica-4.png', 4, 'футзальный', 'белый',
        'Мяч для футзала Superliga Replica — используется для тренировок. Удобен тем, что копия профессионального мяча по доступной цене. Характеристики: размер 4, реплика.',
        'ПВХ'),
       ('Мяч Supernova 4', 2890, 'myach-futzalnyy-supernova-4.png', 4, 'футзальный', 'белый',
        'Мяч для футзала Supernova — используется для элитных турниров. Удобен тем, что имеет идеальную геометрию. Характеристики: размер 4, топ-модель.',
        'термоПВХ'),
       ('Мяч Supernova HFL 4 RFS', 3090, 'myach-futzalnyy-supernova-hfl-4-rfs.png', 4, 'футзальный', 'белый',
        'Мяч для футзала Supernova HFL RFS — используется для Высшей футзальной лиги. Удобен тем, что официальный мяч RFS. Характеристики: размер 4, сертифицированный.',
        'термоПВХ'),
       ('Мяч Supernova HFL 4', 2990, 'myach-futzalnyy-supernova-hfl-4.png', 4, 'футзальный', 'белый',
        'Мяч для футзала Supernova HFL — используется для матчей HFL. Удобен тем, что профессиональный. Характеристики: размер 4, белый.',
        'термоПВХ'),
       ('Мяч Supernova WFL 4 RFS', 3090, 'myach-futzalnyy-supernova-wfl-4-rfs.png', 4, 'футзальный', 'белый',
        'Мяч для футзала Supernova WFL RFS — используется для Женской футзальной лиги. Удобен тем, что адаптирован под женский футзал. Характеристики: размер 4, официальный.',
        'термоПВХ'),
       ('Мяч Supernova WFL 4', 2990, 'myach-futzalnyy-supernova-wfl-4.png', 4, 'футзальный', 'белый',
        'Мяч для футзала Supernova WFL — используется для женских турниров. Удобен тем, что легче стандартного. Характеристики: размер 4, женский.',
        'термоПВХ'),

-- Гандбольные мячи (цвет обычно бежевый/желтый, укажем "бежевый")
       ('Мяч Amigo 0 New', 1490, 'myach-gandbolnyy-amigo-0-new.png', 0, 'гандбольный', 'бежевый',
        'Гандбольный мяч Amigo 0 — используется для детей 4-6 лет. Удобен тем, что очень маленький и легкий. Характеристики: размер 0, новый дизайн.',
        'пена'),
       ('Мяч Amigo 0', 1390, 'myach-gandbolnyy-amigo-0.png', 0, 'гандбольный', 'бежевый',
        'Гандбольный мяч Amigo 0 — используется для начинающих. Удобен тем, что мягкий и не травмирует руки. Характеристики: размер 0, детский.',
        'пена'),
       ('Мяч Amigo 1 New', 1590, 'myach-gandbolnyy-amigo-1-new.png', 1, 'гандбольный', 'бежевый',
        'Гандбольный мяч Amigo 1 — используется для детей 6-8 лет. Удобен тем, что хорошо лежит в маленькой руке. Характеристики: размер 1, новый.',
        'пена'),
       ('Мяч Amigo 1', 1490, 'myach-gandbolnyy-amigo-1.png', 1, 'гандбольный', 'бежевый',
        'Гандбольный мяч Amigo 1 — используется для обучения основам гандбола. Удобен тем, что не скользит. Характеристики: размер 1, классический.',
        'пена'),
       ('Мяч Amigo 2 New', 1690, 'myach-gandbolnyy-amigo-2-new.png', 2, 'гандбольный', 'бежевый',
        'Гандбольный мяч Amigo 2 — используется для девочек 8-12 лет. Удобен тем, что подходит для первых соревнований. Характеристики: размер 2, новый.',
        'пена'),
       ('Мяч Amigo 2', 1590, 'myach-gandbolnyy-amigo-2.png', 2, 'гандбольный', 'бежевый',
        'Гандбольный мяч Amigo 2 — используется для тренировок. Удобен тем, что прочный шов. Характеристики: размер 2, юниорский.',
        'пена'),
       ('Мяч Amigo 3 New', 1790, 'myach-gandbolnyy-amigo-3-new.png', 3, 'гандбольный', 'бежевый',
        'Гандбольный мяч Amigo 3 — используется для юношей 12-16 лет. Удобен тем, что готовит к взрослому мячу. Характеристики: размер 3, новый.',
        'пена'),
       ('Мяч Amigo 3', 1690, 'myach-gandbolnyy-amigo-3.png', 3, 'гандбольный', 'бежевый',
        'Гандбольный мяч Amigo 3 — используется для тренировок подростков. Удобен тем, что оптимальный вес. Характеристики: размер 3, стандартный.',
        'пена'),
       ('Мяч Motaro 0', 1890, 'myach-gandbolnyy-motaro-0.png', 0, 'гандбольный', 'бежевый',
        'Гандбольный мяч Motaro — используется для детей 4-6 лет. Удобен тем, что более профессиональная резина. Характеристики: размер 0, улучшенное сцепление.',
        'резина'),
       ('Мяч Motaro 1', 1990, 'myach-gandbolnyy-motaro-1.png', 1, 'гандбольный', 'бежевый',
        'Гандбольный мяч Motaro — используется для детей 6-8 лет. Удобен тем, что долговечный. Характеристики: размер 1, тренировочный.',
        'резина'),
       ('Мяч Motaro 2', 2090, 'myach-gandbolnyy-motaro-2.png', 2, 'гандбольный', 'бежевый',
        'Гандбольный мяч Motaro — используется для девочек 8-12 лет. Удобен тем, что устойчив к истиранию. Характеристики: размер 2, юниорский.',
        'резина'),
       ('Мяч Motaro 3', 2190, 'myach-gandbolnyy-motaro-3.png', 3, 'гандбольный', 'бежевый',
        'Гандбольный мяч Motaro — используется для юношей 12-16 лет. Удобен тем, что профессиональное покрытие. Характеристики: размер 3, продвинутый.',
        'резина'),
       ('Мяч Vulcano 2', 2590, 'myach-gandbolnyy-vulcano-2.png', 2, 'гандбольный', 'красный',
        'Гандбольный мяч Vulcano — используется для официальных игр среди девушек. Удобен тем, что имеет яркий красный цвет для лучшей видимости. Характеристики: размер 2, профессиональный.',
        'ПВХ'),
       ('Мяч Vulcano 3', 2790, 'myach-gandbolnyy-vulcano-3.png', 3, 'гандбольный', 'красный',
        'Гандбольный мяч Vulcano — используется для официальных матчей среди мужчин. Удобен тем, что сертифицирован IHF. Характеристики: размер 3, топ-уровень.',
        'ПВХ'),

-- Волейбольные мячи (цвета: черный, оранжевый, розовый, белый — определяем по файлу)
       ('Мяч Enjoy Play Black', 1990, 'voleybolnyy-myach-enjoy-play-black.png', 5, 'волейбольный', 'черный',
        'Волейбольный мяч Enjoy Play Black — используется для игры в пляжный волейбол. Удобен тем, что стильный черный цвет не бликует на солнце. Характеристики: размер 5, для пляжа.',
        'ПВХ'),
       ('Мяч Enjoy Play Orange', 1990, 'voleybolnyy-myach-enjoy-play-orange.png', 5, 'волейбольный', 'оранжевый',
        'Волейбольный мяч Enjoy Play Orange — используется для игры на пляже и в зале. Удобен тем, что яркий оранжевый цвет заметен всегда. Характеристики: размер 5, универсальный.',
        'ПВХ'),
       ('Мяч Enjoy Play Pink', 1990, 'voleybolnyy-myach-enjoy-play-pink.png', 5, 'волейбольный', 'розовый',
        'Волейбольный мяч Enjoy Play Pink — используется для любительской игры. Удобен тем, что стильный розовый дизайн. Характеристики: размер 5, для девушек и детей.',
        'ПВХ'),
       ('Мяч Junior Lite New', 1690, 'voleybolnyy-myach-junior-lite-new.png', 4, 'волейбольный', 'желтый',
        'Волейбольный мяч Junior Lite New — используется для детей и начинающих. Удобен тем, что очень легкий и мягкий. Характеристики: размер 4, облегченная версия.',
        'пена'),
       ('Мяч JV 100 2025 White', 2390, 'voleybolnyy-myach-jv-100-2025-white.png', 5, 'волейбольный', 'белый',
        'Волейбольный мяч JV 100 2025 White — используется для официальных игр в зале. Удобен тем, что классический белый цвет. Характеристики: размер 5, профессиональный.',
        'композит'),
       ('Мяч JV 100 2025', 2490, 'voleybolnyy-myach-jv-100-2025.png', 5, 'волейбольный', 'желтый',
        'Волейбольный мяч JV 100 2025 — используется для матчей под открытым небом. Удобен тем, что желтый цвет лучше виден. Характеристики: размер 5, профессиональный.',
        'композит');

INSERT INTO shoes (name, price, image_url, size_shoes, type, colour, description, material)
VALUES ('Бутсы футбольные Evofly FG Prime коралловые', 3500, 'butsy-futbolnye-evofly-fg-prime-coral.png', '42',
        'Футбольные бутсы', 'Коралловый',
        'Бутсы для игры на натуральном газоне с классическими шипами FG. Характеристики: верх из синтетической кожи, формованная стелька, литая подошва TPU, конические шипы для сцепления и устойчивости, шнуровка для плотной фиксации.',
        'Синтетика'),

       ('Бутсы футбольные Evofly FG Pro черно-синие', 3500, 'butsy-futbolnye-evofly-fg-pro-black-blue.png', '43',
        'Футбольные бутсы', 'Черно-синий',
        'Профессиональные бутсы для натурального покрытия. Характеристики: облегченный синтетический верх, анатомическая колодка, подошва TPU, комбинированные шипы для разгона и торможения, текстурированная поверхность для контроля мяча.',
        'Синтетика'),

       ('Бутсы футбольные Evofly FG Pro коралловые', 3500, 'butsy-futbolnye-evofly-fg-pro-coral.png', '44',
        'Футбольные бутсы', 'Коралловый',
        'Бутсы для скоростной игры на траве. Характеристики: тонкий синтетический верх, усиленный носок, легкая подошва TPU, конические шипы, хорошее сцепление с полем.',
        'Синтетика'),

       ('Бутсы футбольные Evofly FG Pro бело-синие', 3500, 'butsy-futbolnye-evofly-fg-pro-white-blue.png', '41',
        'Футбольные бутсы', 'Бело-синий',
        'Модель для тренировок и матчей на натуральном газоне. Характеристики: синтетический верх с текстурой, амортизирующая стелька EVA, прочная подошва TPU, равномерное распределение шипов.',
        'Синтетика'),

       ('Бутсы футбольные Evofly FG Pro желто-оранжевые', 3500, 'butsy-futbolnye-evofly-fg-pro-yellow-orange.png', '41',
        'Футбольные бутсы', 'Желто-оранжевый',
        'Бутсы для динамичной игры. Характеристики: легкий верх из PU, подошва TPU, конические шипы, плотная посадка, улучшенный контроль мяча.',
        'Синтетика'),

       ('Бутсы футбольные Evofly FG Talant черно-синие', 3200, 'butsy-futbolnye-evofly-fg-talant-black-blue.png', '43',
        'Футбольные бутсы', 'Черно-синий',
        'Тренировочные бутсы для натурального покрытия. Характеристики: синтетический верх, мягкая внутренняя подкладка, подошва TPU, универсальная конфигурация шипов.',
        'Синтетика'),

       ('Бутсы футбольные Evofly FG Talant коралловые', 3200, 'butsy-futbolnye-evofly-fg-talant-coral.png', '44',
        'Футбольные бутсы', 'Коралловый',
        'Модель для начинающих и любителей. Характеристики: прочный верх из синтетики, стелька EVA, литая подошва, конические шипы.',
        'Синтетика'),

       ('Бутсы детские Evofly FG Talant черно-синие', 3000, 'butsy-futbolnye-evofly-fg-talant-detskie-black-blue.png',
        '35',
        'Футбольные бутсы', 'Черно-синий',
        'Детские бутсы для натурального газона. Характеристики: облегченный синтетический верх, мягкая подкладка, гибкая подошва TPU, укороченные шипы для безопасности.',
        'Синтетика'),

       ('Сороконожки Campo 2.0 TF черные', 2600, 'butsy-mnogoshipovye-campo-2-0-tf-black.png', '40',
        'Сороконожки', 'Черный',
        'Обувь для игры на искусственном покрытии. Характеристики: резиновая подошва TF с множеством шипов, синтетический верх, амортизационная стелька EVA, хорошее сцепление с газоном.',
        'Синтетика'),

       ('Бутсы зальные Bravo белые', 2400, 'butsy-zalnye-bravo-belye.png', '40',
        'Зальные', 'Белый',
        'Зальная обувь для футзала. Характеристики: резиновая не оставляющая следов подошва, синтетический верх, усиленный носок, хорошее сцепление с паркетом.',
        'Синтетика'),

       ('Кроссовки баскетбольные Launch черно-синие', 4000, 'krossovki-basketbolnye-launch-black-blue.png', '45',
        'Баскетбольные', 'Черно-синий',
        'Кроссовки для игры в баскетбол. Характеристики: высокая посадка, амортизация EVA, резиновая подошва с протектором, поддержка голеностопа.',
        'Текстиль'),

       ('Кроссовки беговые Hyperlight 2.0 черные детские', 3000, 'krossovki-begovye-hyperlight-2-0-black-detskie.png',
        '35',
        'Беговые', 'Черный',
        'Легкие кроссовки для бега. Характеристики: сетчатый верх для вентиляции, подошва EVA, гибкая конструкция, малый вес.',
        'Текстиль'),

       ('Сланцы Shower Slides 2.0 черные', 1500, 'slantsy-shower-slides-2-0-black.png', '42',
        'Сланцы', 'Черный',
        'Сланцы для бассейна и отдыха. Характеристики: цельнолитая конструкция, нескользящая подошва, водостойкий материал, быстрый отвод влаги.',
        'Резина');

INSERT INTO inventory (name, price, image_url, description, colour)
VALUES ('Дополнительный набор аксессуаров для тактической доски', 1490,
        'dopolnitelnyy-nabor-aksessuarov-dlya-takticheskoy-doski-j-gel-ja-123.png',
        'Дополнительный набор аксессуаров для тактической доски — используется тренерами для отработки тактических схем. Особенности: набор включает маркеры, магниты/фишки для обозначения игроков, подходит к доскам серии J-GEL JA. Характеристики: совместимость с JA-122, компактный.',
        'разноцветный'),

       ('Доска тактическая JA-122 (60х90 см)', 3990, 'doska-takticheskaya-ja-122-60kh90-sm.png',
        'Тактическая доска JA-122 размером 60х90 см — используется тренерами по футболу, баскетболу, гандболу для визуализации игровых схем. Удобна тем, что имеет магнитную поверхность и большой размер. Характеристики: размер 60х90 см, магнитная, в комплекте маркеры.',
        'белый'),

       ('Комплект игл для насоса J-GEL JA-120 (3 шт)', 290, 'komplekt-igl-dlya-nasosa-j-gel-ja-120-3-sht.png',
        'Комплект игл для насоса J-GEL JA-120 (3 штуки) — используется для накачки спортивных мячей. Удобен тем, что стандартный диаметр подходит ко всем мячам. Характеристики: 3 иглы в комплекте, металлические, подходят для насосов JA-101-106.',
        'серебристый'),

       ('Комплект игл для насоса JA-240 (10 шт)', 690, 'komplekt-igl-dlya-nasosa-ja-240-10-sht.png',
        'Комплект игл для насоса JA-240 (10 штук) — профессиональный набор для накачки мячей. Удобен тем, что большого количества хватит надолго. Характеристики: 10 игл в упаковке, универсальный размер, подходят ко всем насосам.',
        'серебристый'),

       ('Манометр JA-115', 890, 'manometr-ja-115.png',
        'Манометр JA-115 — используется для контроля давления в спортивных мячах. Удобен тем, что позволяет точно измерить и настроить давление для правильного отскока. Характеристики: аналоговый, диапазон измерения 0-2 бар, подходит к стандартным иглам.',
        'черный'),

       ('Набор координационных колец Skill Rings', 2490, 'nabor-koordinatsionnykh-kolets-skill-rings.png',
        'Набор координационных колец Skill Rings — используется для тренировки ловкости, координации и скорости ног. Удобен тем, что кольца яркие, легко раскладываются в разные схемы. Характеристики: 6 или 10 колец в наборе, диаметр 50 см, яркие цвета.',
        'разноцветный'),

       ('Набор шестиугольных напольных обручей Agility Hoops', 2990,
        'nabor-shestiugolnykh-napolnykh-obruchey-agility-hoops.png',
        'Набор шестиугольных напольных обручей Agility Hoops — используется для тренировки координации и ловкости в футболе, баскетболе, единоборствах. Удобен тем, что можно составлять различные конфигурации. Характеристики: шестиугольная форма, 5-10 штук в наборе, прочный пластик.',
        'желтый'),

       ('Насос JA-101 НД', 590, 'nasos-ja-101-nd.png',
        'Насос JA-101 НД — ручной насос для накачки мячей. Удобен тем, что компактный и легкий, подходит для домашнего использования. Характеристики: пластиковый корпус, универсальный ниппель, длина 15 см.',
        'желтый'),

       ('Насос JA-102 НД', 690, 'nasos-ja-102-nd.png',
        'Насос JA-102 НД — ручной насос для мячей с усиленной конструкцией. Удобен тем, что более производительный. Характеристики: пластиковый корпус, удобная рукоятка, длина 20 см.',
        'красный'),

       ('Насос JA-103 НД', 790, 'nasos-ja-103-nd.png',
        'Насос JA-103 НД — ручной насос двойного действия для быстрой накачки мячей. Удобен тем, что качает воздух при движении поршня в обе стороны. Характеристики: двойного действия, длина 25 см, универсальный ниппель.',
        'черный'),

       ('Насос JA-104 НД', 890, 'nasos-ja-104-nd.png',
        'Насос JA-104 НД — профессиональный ручной насос для мячей. Удобен тем, что имеет манометр для контроля давления. Характеристики: со встроенным манометром, длина 28 см, эргономичная ручка.',
        'желтый'),

       ('Насос JA-105 НД', 990, 'nasos-ja-105-nd.png',
        'Насос JA-105 НД — ножной насос для накачки мячей. Удобен тем, что позволяет использовать силу ног, экономит руки. Характеристики: ножной, устойчивое основание, универсальный ниппель.',
        'черный'),

       ('Насос JA-106 (15 см) металлический', 690, 'nasos-ja-106-15-sm-metall.png',
        'Насос JA-106 металлический 15 см — ручной насос из металла для накачки мячей. Удобен тем, что прочный и долговечный. Характеристики: металлический корпус, длина 15 см, универсальный ниппель.',
        'черный'),

       ('Насос JA-106 (15 см) пластиковый', 490, 'nasos-ja-106-15-sm.png',
        'Насос JA-106 пластиковый 15 см — компактный ручной насос для мячей. Удобен тем, что легкий и удобный для переноски. Характеристики: пластиковый корпус, длина 15 см, подходит для футбольных, баскетбольных, волейбольных мячей.',
        'черный'),

       ('Планшет тренера JA-121 (формат А4)', 1490, 'planshet-trenera-ja-121-format-a4.png',
        'Планшет тренера JA-121 формата А4 — используется для записи тактики, состава команды и заметок во время тренировок. Удобен тем, что имеет твердую подложку и резинку для фиксации бумаги. Характеристики: формат А4, твердая подложка, поле для тактических схем.',
        'белый'),

       ('Подставка под шесть J-GEL JA-230', 990, 'podstavka-pod-shest-j-gel-ja-230.png',
        'Подставка под шесть JA-230 — используется для хранения тактических маркеров и аксессуаров. Удобна тем, что органайзер держит все принадлежности в порядке. Характеристики: на 6 ячеек, пластиковая, устойчивая.',
        'желтый'),

       ('Секундомер JA-129 (2 засечки)', 790, 'sekundomer-ja-129-2-zasechki.png',
        'Секундомер JA-129 с двумя засечками — используется для хронометража тренировок и соревнований. Удобен тем, что позволяет замерять время двух событий одновременно. Характеристики: 2 засечки, точность до 0.01 секунды, память.',
        'черный'),

       ('Сетка для мячей Camp Team Ball Bag', 890, 'setka-dlya-myachey-camp-team-ball-bag.png',
        'Сетка для мячей Camp Team Ball Bag — используется для хранения и переноски спортивных мячей. Удобна тем, что вмещает до 5-10 мячей. Характеристики: нейлоновая сетка, прочные ручки, затягивающийся верх.',
        'черный'),

       ('Сетка для мячей Team Ball Bag (10 мячей)', 1290, 'setka-dlya-myachey-team-ball-bag-10.png',
        'Сетка для мячей Team Ball Bag на 10 мячей — используется для командных тренировок. Удобна тем, что компактно складывается и легко моется. Характеристики: на 10-12 мячей, прочный материал, усиленные швы.',
        'черный'),

       ('Сетка для мячей Team Ball Bag (15 мячей)', 1490, 'setka-dlya-myachey-team-ball-bag-15.png',
        'Сетка для мячей Team Ball Bag на 15 мячей — профессиональная сетка для больших команд. Удобна тем, что вмещает полный набор мячей на команду. Характеристики: на 15 мячей, усиленные ручки, прочный полипропилен.',
        'черный'),

       ('Сетка для мячей Team Ball Bag (5 мячей)', 590, 'setka-dlya-myachey-team-ball-bag-5.png',
        'Сетка для мячей Team Ball Bag на 5 мячей — компактная сетка для переноски мячей. Удобна тем, что подходит для домашнего использования и небольших секций. Характеристики: на 5 мячей, легкая, затягивающийся верх.',
        'черный'),

       ('Свисток JA-124', 290, 'svistok-ja-124.png',
        'Свисток JA-124 — используется тренерами и судьями для подачи сигналов. Удобен тем, что громкий и надежный. Характеристики: пластиковый корпус, без шарика, громкость до 100 дБ.',
        'черный'),

       ('Свисток JA-125 пластик на шнурке', 390, 'svistok-ja-125-plastik-na-shnurke.png',
        'Свисток JA-125 пластиковый на шнурке — используется для тренировок и соревнований. Удобен тем, что висит на шее и всегда под рукой. Характеристики: пластиковый, со шнурком, громкий свист.',
        'черный'),

       ('Свисток JA-126 металлический', 490, 'svistok-ja-126-metall.png',
        'Свисток JA-126 металлический — профессиональный свисток для судей. Удобен тем, что очень громкий и долговечный. Характеристики: металлический корпус, без шарика, максимальная громкость.',
        'серебристый');

INSERT INTO accessories (name, price, image_url, size_product, type, colour, description)
VALUES ('Держатели щитков Guard Lock Sleeve', 590, 'derzhateli-shchitkov-guard-lock-sleeve.png', 'универсальный',
        'держатели для щитков', 'черный',
        'Держатели щитков Guard Lock Sleeve — используются для фиксации футбольных щитков на голени. Удобны тем, что выполнены из эластичного неопрена, не сползают во время игры. Характеристики: универсальный размер, подходят для взрослых и детей, парные. Материал: неопрен.'),

       ('Фиксаторы щитков Guard Stay Black', 390, 'fiksatory-shchitkov-guard-stay-black.png', 'универсальный',
        'фиксаторы для щитков', 'черный',
        'Фиксаторы щитков Guard Stay Black — используются для надежного крепления щитков к ноге. Удобны тем, что имеют регулируемую длину и анатомическую форму. Характеристики: черный цвет, эластичный материал, парные. Материал: полиэстер, резина.'),

       ('Фиксаторы щитков Guard Stay White', 390, 'fiksatory-shchitkov-guard-stay-white.png', 'универсальный',
        'фиксаторы для щитков', 'белый',
        'Фиксаторы щитков Guard Stay White — используются для фиксации щитков во время матчей и тренировок. Удобны тем, что светлый цвет не выделяется под белой формой. Характеристики: белый цвет, эластичные, регулируемые, парные. Материал: полиэстер, резина.'),

       ('Повязка капитанская Division Armband Blue', 490, 'povyazka-kapitanskaya-division-armband-blue.png',
        'универсальный', 'капитанская повязка', 'синий',
        'Капитанская повязка Division Armband Blue — используется для обозначения капитана команды на футбольном поле. Удобна тем, что имеет яркий синий цвет и надпись "Division". Характеристики: эластичная лента, регулируемая липучкой, синий цвет. Материал: полиэстер.'),

       ('Повязка капитанская Division Armband White', 490, 'povyazka-kapitanskaya-division-armband-white.png',
        'универсальный', 'капитанская повязка', 'белый',
        'Капитанская повязка Division Armband White — используется для обозначения капитана в матчах с темной формой соперника. Удобна тем, что белый цвет контрастно выделяется. Характеристики: эластичная лента, липучка, белый цвет. Материал: полиэстер.'),

       ('Повязка капитанская для детей JA-127', 390, 'povyazka-kapitanskaya-dlya-detey-ja-127.png', 'детский',
        'капитанская повязка', 'оранжевый',
        'Детская капитанская повязка JA-127 — используется для юных футболистов в детских турнирах. Удобна тем, что имеет меньший размер и яркий дизайн. Характеристики: детский размер, эластичная, красный цвет, надпись "Капитан". Материал: полиэстер.'),

       ('Повязка капитанская для взрослых JA-128', 490, 'povyazka-kapitanskaya-dlya-vzroslykh-ja-128.png', 'взрослый',
        'капитанская повязка', 'желтый',
        'Взрослая капитанская повязка JA-128 — используется для обозначения капитана в официальных матчах. Удобна тем, что имеет стандартный размер и надежную фиксацию. Характеристики: взрослый размер, эластичная, красный цвет, универсальная. Материал: полиэстер.');

INSERT INTO shorts (id, name, price, image_url, size_shorts, type, material, colour, description)
VALUES
-- Хлопковые шорты (Essential Cotton)
(1, 'Essential Cotton Shorts Black', 1990, 'shorty-essential-cotton-shorts-black-1.png', 46, 'повседневные шорты',
 'хлопок', 'черный',
 'Хлопковые шорты Essential Cotton Black — используются для повседневной носки и отдыха. Удобны тем, что мягкие, дышащие и не сковывают движения. Характеристики: классический черный цвет, эластичный пояс, боковые карманы.'),
(2, 'Essential Cotton Shorts Dark Blue', 1990, 'shorty-essential-cotton-shorts-dark-blue-1.png', 46,
 'повседневные шорты', 'хлопок', 'темно-синий',
 'Хлопковые шорты Essential Cotton Dark Blue — используются для дома и прогулок. Удобны тем, что натуральный хлопок приятен к телу. Характеристики: темно-синий цвет, эластичный пояс с завязками, два кармана.'),
(3, 'Essential Cotton Shorts детские Black', 1490, 'shorty-essential-cotton-shorts-detskie-black.png', 30,
 'повседневные шорты детские', 'хлопок', 'черный',
 'Детские хлопковые шорты Essential Cotton Black — используются для активных игр и повседневной носки. Удобны тем, что мягкие и безопасные для детей. Характеристики: детский размер, черный цвет, эластичный пояс.'),
(4, 'Essential Cotton Shorts детские Dark Blue', 1490, 'shorty-essential-cotton-shorts-detskie-dark-blie.png', 30,
 'повседневные шорты детские', 'хлопок', 'темно-синий',
 'Детские хлопковые шорты Essential Cotton Dark Blue — используются для школы и секции. Удобны тем, что практичный цвет и хорошее качество. Характеристики: детский размер, темно-синий цвет, мягкая резинка.'),
(5, 'Essential Cotton Shorts детские Grey', 1490, 'shorty-essential-cotton-shorts-detskie-grey.png', 30,
 'повседневные шорты детские', 'хлопок', 'серый',
 'Детские хлопковые шорты Essential Cotton Grey — используются для повседневной носки. Удобны тем, что универсальный серый цвет подходит к любой одежде. Характеристики: детский размер, серый цвет, эластичный пояс.'),
(6, 'Essential Cotton Shorts Grey', 1990, 'shorty-essential-cotton-shorts-grey-1.png', 46, 'повседневные шорты',
 'хлопок', 'серый',
 'Хлопковые шорты Essential Cotton Grey — используются для отдыха и легких тренировок. Удобны тем, что не мнутся и хорошо держат форму. Характеристики: серый цвет, эластичный пояс, боковые карманы.'),

-- Футбольные шорты детские (Camp)
(7, 'Camp футбольные желто-белые детские', 1790, 'shorty-futbolnye-camp-jfs-1120-041-k-zheltyy-belyy-detskie.png', 32,
 'футбольные шорты детские', 'полиэстер', 'желто-белый',
 'Детские футбольные шорты Camp желто-белые — используются для тренировок и матчей. Удобны тем, что легкие и не впитывают влагу. Характеристики: детский размер, желтый цвет с белыми вставками, эластичный пояс.'),
(8, 'Camp футбольные сине-белые детские', 1790, 'shorty-futbolnye-camp-jfs-1120-071-k-siniy-belyy-detskie.png', 32,
 'футбольные шорты детские', 'полиэстер', 'сине-белый',
 'Детские футбольные шорты Camp сине-белые — используются для командных тренировок. Удобны тем, что быстро сохнут и не линяют. Характеристики: детский размер, синий цвет с белыми вставками, эластичный пояс.'),
(9, 'Camp футбольные желто-белые', 1990, 'shorty-futbolnye-camp-jft-1120-041-zheltyy-belyy.png', 48, 'футбольные шорты',
 'полиэстер', 'желто-белый',
 'Футбольные шорты Camp желто-белые — используются для любительских матчей. Удобны тем, что имеют свободный крой и не сковывают движения. Характеристики: желтый цвет с белыми вставками, эластичный пояс, взрослый размер.'),
(10, 'Camp футбольные сине-белые', 1990, 'shorty-futbolnye-camp-jft-1120-071-siniy-belyy.png', 48, 'футбольные шорты',
 'полиэстер', 'сине-белый',
 'Футбольные шорты Camp сине-белые — используются для тренировок на поле. Удобны тем, что прочные и износостойкие. Характеристики: синий цвет с белыми вставками, эластичный пояс, взрослый размер.'),

-- Игровые шорты PerformDry (AMKAL)
(11, 'AMKAL PerformDry Shorts Bir', 2290, 'shorty-igrovye-amkal-performdry-shorts-bir.png', 48, 'игровые шорты',
 'полиэстер (PerformDry)', 'бир (светло-коричневый)',
 'Игровые шорты AMKAL PerformDry Bir — используются для футбольных матчей и интенсивных тренировок. Удобны тем, что технология PerformDry отводит влагу от тела. Характеристики: цвет бир, легкие, дышащие, с логотипом AMKAL.'),
(12, 'AMKAL PerformDry Shorts Red', 2290, 'shorty-igrovye-amkal-performdry-shorts-red.png', 48, 'игровые шорты',
 'полиэстер (PerformDry)', 'красный',
 'Игровые шорты AMKAL PerformDry Red — используются для официальных матчей. Удобны тем, что яркий красный цвет выделяется на поле. Характеристики: красный цвет, технология отвода влаги, эластичный пояс.'),

-- Игровые шорты Division PerformDry Union
(13, 'Division PerformDry Union Shorts Black', 1890, 'shorty-igrovye-division-performdry-union-shorts-black.png', 48,
 'игровые шорты', 'полиэстер (PerformDry)', 'черный',
 'Игровые шорты Division PerformDry Union Black — используются для командных тренировок и матчей. Удобны тем, что универсальный черный цвет подходит к любой форме. Характеристики: черный цвет, технология PerformDry, эластичный пояс.'),
(14, 'Division PerformDry Union Shorts Golub', 1890, 'shorty-igrovye-division-performdry-union-shorts-golub.png', 48,
 'игровые шорты', 'полиэстер (PerformDry)', 'голубой',
 'Игровые шорты Division PerformDry Union Golub — используются для летних тренировок. Удобны тем, что светлый цвет отражает солнечные лучи. Характеристики: голубой цвет, дышащие, легкие.'),
(15, 'Division PerformDry Union Shorts Gran', 1890, 'shorty-igrovye-division-performdry-union-shorts-gran.png', 48,
 'игровые шорты', 'полиэстер (PerformDry)', 'гранатовый',
 'Игровые шорты Division PerformDry Union Gran — используются для матчей в темной форме. Удобны тем, что насыщенный цвет долго не выцветает. Характеристики: гранатовый цвет, технология отвода влаги, прочные швы.'),
(16, 'Division PerformDry Union Shorts Green', 1890, 'shorty-igrovye-division-performdry-union-shorts-green.png', 48,
 'игровые шорты', 'полиэстер (PerformDry)', 'зеленый',
 'Игровые шорты Division PerformDry Union Green — используются для тренировок на натуральных полях. Удобны тем, что сливаются с травой для разминки. Характеристики: зеленый цвет, эластичный пояс, быстросохнущие.'),
(17, 'Division PerformDry Union Shorts Grey', 1890, 'shorty-igrovye-division-performdry-union-shorts-grey.png', 48,
 'игровые шорты', 'полиэстер (PerformDry)', 'серый',
 'Игровые шорты Division PerformDry Union Grey — используются для повседневных тренировок. Удобны тем, что практичный серый цвет не маркий. Характеристики: серый цвет, технология PerformDry, удобный крой.'),
(18, 'Division PerformDry Union Shorts красный-темно-красный-белый', 1990,
 'shorty-igrovye-division-performdry-union-shorts-krasnyy-temno-krasnyy-belyy.png', 48, 'игровые шорты',
 'полиэстер (PerformDry)', 'красно-темно-красно-белый',
 'Игровые шорты Division PerformDry Union с градиентом — используются для ярких команд. Удобны тем, что стильный дизайн. Характеристики: комбинация красного, темно-красного и белого, технология PerformDry.'),
(19, 'Division PerformDry Union Shorts Light Blue', 1890,
 'shorty-igrovye-division-performdry-union-shorts-light-blue.png', 48, 'игровые шорты', 'полиэстер (PerformDry)',
 'светло-синий',
 'Игровые шорты Division PerformDry Union Light Blue — используются для детских команд. Удобны тем, что мягкий цвет нравится детям. Характеристики: светло-синий цвет, легкие, эластичный пояс.'),
(20, 'Division PerformDry Union Shorts синий-темно-синий-белый', 1990,
 'shorty-igrovye-division-performdry-union-shorts-siniy-temno-siniy-belyy.png', 48, 'игровые шорты',
 'полиэстер (PerformDry)', 'сине-темно-сине-белый',
 'Игровые шорты Division PerformDry Union сине-белые — используются для профессиональных команд. Удобны тем, что классическая цветовая гамма. Характеристики: синий, темно-синий и белый, технология PerformDry.'),
(21, 'Division PerformDry Union Shorts темно-синий-синий-белый детские', 1690,
 'shorty-igrovye-division-performdry-union-shorts-temno-siniy-siniy-belyy-detskie.png', 34, 'игровые шорты детские',
 'полиэстер (PerformDry)', 'темно-сине-сине-белый',
 'Детские игровые шорты Division PerformDry Union — используются для юных футболистов. Удобны тем, что детский размер и яркий дизайн. Характеристики: детский размер, комбинация темно-синего, синего и белого, технология PerformDry.'),
(22, 'Division PerformDry Union Shorts темно-синий-синий-белый', 1990,
 'shorty-igrovye-division-performdry-union-shorts-temno-siniy-siniy-belyy.png', 48, 'игровые шорты',
 'полиэстер (PerformDry)', 'темно-сине-сине-белый',
 'Игровые шорты Division PerformDry Union темно-синие — используются для домашних матчей. Удобны тем, что глубокий цвет выглядит строго. Характеристики: темно-синий, синий и белый, технология PerformDry.'),
(23, 'Division PerformDry Union Shorts White', 1890, 'shorty-igrovye-division-performdry-union-shorts-white.png', 48,
 'игровые шорты', 'полиэстер (PerformDry)', 'белый',
 'Игровые шорты Division PerformDry Union White — используются для выездных матчей. Удобны тем, что белый цвет сочетается с любой формой. Характеристики: белый цвет, технология PerformDry, эластичный пояс.'),
(24, 'Division PerformDry Union Shorts Yellow', 1890, 'shorty-igrovye-division-performdry-union-shorts-yellow.png', 48,
 'игровые шорты', 'полиэстер (PerformDry)', 'желтый',
 'Игровые шорты Division PerformDry Union Yellow — используются для игры при плохом освещении. Удобны тем, что яркий желтый цвет заметен издалека. Характеристики: желтый цвет, технология отвода влаги, легкие.'),

-- Компрессионные шорты (тайтсы)
(25, 'Camp PerformDry Tight Short Granat', 1590, 'shorty-kompressionnye-camp-performdry-tight-short-granat.png', 46,
 'компрессионные шорты', 'полиэстер (PerformDry)', 'гранатовый',
 'Компрессионные шорты Camp PerformDry Tight Short Granat — используются для поддержки мышц во время интенсивных тренировок. Удобны тем, что улучшают кровообращение и снижают усталость. Характеристики: гранатовый цвет, компрессионный эффект, отвод влаги.'),
(26, 'Camp PerformDry Tight Short Green', 1590, 'shorty-kompressionnye-camp-performdry-tight-short-green.png', 46,
 'компрессионные шорты', 'полиэстер (PerformDry)', 'зеленый',
 'Компрессионные шорты Camp PerformDry Tight Short Green — используются для бега и активных тренировок. Удобны тем, что плотно прилегают к телу. Характеристики: зеленый цвет, компрессия, эластичные.'),
(27, 'Camp PerformDry Tight Short Yellow', 1590, 'shorty-kompressionnye-camp-performdry-tight-short-yellow.png', 46,
 'компрессионные шорты', 'полиэстер (PerformDry)', 'желтый',
 'Компрессионные шорты Camp PerformDry Tight Short Yellow — используются для вечерних тренировок. Удобны тем, что яркий цвет делает заметным. Характеристики: желтый цвет, компрессионный эффект, технология PerformDry.'),
(28, 'Camp Tight Short PerformDry JBL-1300-016 белый-черный', 1790,
 'shorty-kompressionnye-camp-tight-short-performdry-jbl-1300-016-belyy-chernyy.png', 46, 'компрессионные шорты',
 'полиэстер (PerformDry)', 'бело-черный',
 'Компрессионные шорты Camp JBL-1300-016 бело-черные — используются для профессионального спорта. Удобны тем, что имеют контрастный дизайн. Характеристики: белый с черными вставками, компрессия, отвод влаги.'),
(29, 'Camp Tight Short PerformDry JBL-1300-021 красный-белый', 1790,
 'shorty-kompressionnye-camp-tight-short-performdry-jbl-1300-021-krasnyy-belyy.png', 46, 'компрессионные шорты',
 'полиэстер (PerformDry)', 'красно-белый',
 'Компрессионные шорты Camp JBL-1300-021 красно-белые — используются для командных видов спорта. Удобны тем, что яркие и заметные. Характеристики: красный с белыми вставками, компрессионный эффект.'),
(30, 'Camp Tight Short PerformDry JBL-1300-061 черный-белый', 1790,
 'shorty-kompressionnye-camp-tight-short-performdry-jbl-1300-061-chernyy-belyy.png', 46, 'компрессионные шорты',
 'полиэстер (PerformDry)', 'черно-белый',
 'Компрессионные шорты Camp JBL-1300-061 черно-белые — используются для повседневных тренировок. Удобны тем, что классическое сочетание цветов. Характеристики: черный с белыми вставками, компрессия, эластичные.'),
(31, 'Camp Tight Short PerformDry JBL-1300-091 темно-синий-белый', 1790,
 'shorty-kompressionnye-camp-tight-short-performdry-jbl-1300-091-temno-siniy-belyy.png', 46, 'компрессионные шорты',
 'полиэстер (PerformDry)', 'темно-сине-белый',
 'Компрессионные шорты Camp JBL-1300-091 темно-сине-белые — используются для зимних тренировок. Удобны тем, что сохраняют тепло. Характеристики: темно-синий с белыми вставками, компрессионный эффект.'),
(32, 'Camp Tight Short PerformDry', 1490, 'shorty-kompressionnye-camp-tight-short-performdry.png', 46,
 'компрессионные шорты', 'полиэстер (PerformDry)', 'черный',
 'Компрессионные шорты Camp PerformDry Tight Short — базовая модель для поддержки мышц. Удобны тем, что универсальный черный цвет. Характеристики: черный цвет, компрессия, технология отвода влаги.'),

-- Парадные шорты (Premier PerformDry Woven)
(33, 'Premier PerformDry Woven Shorts Black-1', 2490, 'shorty-paradnye-premier-performdry-woven-shorts-black-1.png', 48,
 'парадные шорты', 'полиэстер (PerformDry Woven)', 'черный',
 'Парадные шорты Premier PerformDry Woven Black — используются для выхода на церемонии и презентации команд. Удобны тем, что имеют строгий элегантный вид. Характеристики: черный цвет, тканый материал, технология PerformDry, боковые карманы.'),
(34, 'Premier PerformDry Woven Shorts Black', 2490, 'shorty-paradnye-premier-performdry-woven-shorts-black.png', 48,
 'парадные шорты', 'полиэстер (PerformDry Woven)', 'черный',
 'Парадные шорты Premier PerformDry Woven Black — используются для официальных мероприятий. Удобны тем, что хорошо сидят и не мнутся. Характеристики: черный цвет, тканая структура, эластичный пояс.'),
(35, 'Premier PerformDry Woven Shorts Dark Blue', 2490, 'shorty-paradnye-premier-performdry-woven-shorts-dark-blue.png',
 48, 'парадные шорты', 'полиэстер (PerformDry Woven)', 'темно-синий',
 'Парадные шорты Premier PerformDry Woven Dark Blue — используются для командных выездов. Удобны тем, что глубокий цвет выглядит солидно. Характеристики: темно-синий цвет, тканый полиэстер, карманы.'),
(36, 'Premier PerformDry Woven Shorts Dark Grey', 2490, 'shorty-paradnye-premier-performdry-woven-shorts-dark-grey.png',
 48, 'парадные шорты', 'полиэстер (PerformDry Woven)', 'темно-серый',
 'Парадные шорты Premier PerformDry Woven Dark Grey — используются для тренерского состава. Удобны тем, что универсальный цвет. Характеристики: темно-серый цвет, тканый материал, технология PerformDry.'),

-- Спортивные шорты Camp Woven
(37, 'Camp Woven Shorts Black', 1690, 'shorty-sportivnye-camp-woven-shorts-black.png', 46, 'спортивные шорты',
 'полиэстер (Woven)', 'черный',
 'Спортивные шорты Camp Woven Black — используются для тренировок и активного отдыха. Удобны тем, что легкие и прочные. Характеристики: черный цвет, тканая структура, эластичный пояс с завязками.'),
(38, 'Camp Woven Shorts Dark Blue', 1690, 'shorty-sportivnye-camp-woven-shorts-dark-blue.png', 46, 'спортивные шорты',
 'полиэстер (Woven)', 'темно-синий',
 'Спортивные шорты Camp Woven Dark Blue — используются для повседневных тренировок. Удобны тем, что практичный цвет. Характеристики: темно-синий цвет, тканый полиэстер, боковые карманы.'),
(39, 'Camp Woven Shorts детские Black', 1390, 'shorty-sportivnye-camp-woven-shorts-detskie-black.png', 32,
 'спортивные шорты детские', 'полиэстер (Woven)', 'черный',
 'Детские спортивные шорты Camp Woven Black — используются для физкультуры в школе. Удобны тем, что недорогие и качественные. Характеристики: детский размер, черный цвет, тканый материал.'),
(40, 'Camp Woven Shorts детские Dark Blue', 1390, 'shorty-sportivnye-camp-woven-shorts-detskie-dark-blue.png', 32,
 'спортивные шорты детские', 'полиэстер (Woven)', 'темно-синий',
 'Детские спортивные шорты Camp Woven Dark Blue — используются для спортивных секций. Удобны тем, что прочные и долговечные. Характеристики: детский размер, темно-синий цвет, эластичный пояс.'),

-- Тренировочные шорты без карманов
(41, 'Premier PerformDry Training Shorts Black (без карманов)', 1890,
 'shorty-trenirovochnye-bez-karmanov-premier-performdry-training-shorts-black.png', 48, 'тренировочные шорты',
 'полиэстер (PerformDry)', 'черный',
 'Тренировочные шорты Premier PerformDry Black без карманов — используются для интенсивных тренировок. Удобны тем, что легкие и не отвлекают. Характеристики: черный цвет, технология PerformDry, эластичный пояс.'),
(42, 'Premier PerformDry Training Shorts Dark Blue (без карманов)', 1890,
 'shorty-trenirovochnye-bez-karmanov-premier-performdry-training-shorts-dark-blue.png', 48, 'тренировочные шорты',
 'полиэстер (PerformDry)', 'темно-синий',
 'Тренировочные шорты Premier PerformDry Dark Blue без карманов — используются для футбольных тренировок. Удобны тем, что не мешают движениям. Характеристики: темно-синий цвет, отвод влаги, свободный крой.'),
(43, 'Premier PerformDry Training Shorts Dark Grey (без карманов)', 1890,
 'shorty-trenirovochnye-bez-karmanov-premier-performdry-training-shorts-dark-grey.png', 48, 'тренировочные шорты',
 'полиэстер (PerformDry)', 'темно-серый',
 'Тренировочные шорты Premier PerformDry Dark Grey без карманов — используются для разминки. Удобны тем, что нейтральный цвет подходит всем. Характеристики: темно-серый цвет, технология PerformDry, эластичный пояс.'),

-- Тренировочные шорты с карманами
(44, 'Premier PerformDry Training Shorts Black (с карманами)', 1990,
 'shorty-trenirovochnye-c-karmanami-premier-performdry-training-shorts-black.png', 48, 'тренировочные шорты',
 'полиэстер (PerformDry)', 'черный',
 'Тренировочные шорты Premier PerformDry Black с карманами — используются для повседневных тренировок. Удобны тем, что есть место для телефона или ключей. Характеристики: черный цвет, два боковых кармана, технология PerformDry.'),
(45, 'Premier PerformDry Training Shorts Dark Blue (с карманами)', 1990,
 'shorty-trenirovochnye-c-karmanami-premier-performdry-training-shorts-dark-blue.png', 48, 'тренировочные шорты',
 'полиэстер (PerformDry)', 'темно-синий',
 'Тренировочные шорты Premier PerformDry Dark Blue с карманами — используются для длительных тренировок. Удобны тем, что можно носить с собой необходимое. Характеристики: темно-синий цвет, боковые карманы, технология PerformDry.'),
(46, 'Premier PerformDry Training Shorts Dark Grey (с карманами)', 1990,
 'shorty-trenirovochnye-c-karmanami-premier-performdry-training-shorts-dark-grey.png', 48, 'тренировочные шорты',
 'полиэстер (PerformDry)', 'темно-серый',
 'Тренировочные шорты Premier PerformDry Dark Grey с карманами — используются для фитнеса и бега. Удобны тем, что практичный цвет. Характеристики: темно-серый цвет, карманы на молнии, отвод влаги.'),

(47, 'Camp 2 Training Poly Shorts Dark Grey', 1690, 'shorty-trenirovochnye-camp-2-training-poly-shorts-dark-grey.png',
 48, 'тренировочные шорты', 'полиэстер', 'темно-серый',
 'Тренировочные шорты Camp 2 Training Poly Shorts Dark Grey — используются для ежедневных тренировок. Удобны тем, что легкие, быстросохнущие и доступные. Характеристики: темно-серый цвет, эластичный пояс, без карманов.'),
(48, 'Premier PerformDry Training Shorts', 1790, 'shorty-trenirovochnye-premier-performdry-training-shorts.png', 48,
 'тренировочные шорты', 'полиэстер (PerformDry)', 'черный',
 'Тренировочные шорты Premier PerformDry — базовая модель для любых спортивных занятий. Удобны тем, что универсальные и надежные. Характеристики: черный цвет, технология PerformDry, эластичный пояс, легкий вес.');

INSERT INTO tshirts (id, name, type, price, image_url, size_t_shirts, material, colour, print_type, description)
VALUES

-- Футболки DNA Power Inside Loose Tee
(1, 'DNA Power Inside Loose Tee Black', 'повседневная футболка', 1990, 'futbolka-dna-power-inside-loose-tee-black.png',
 46, 'хлопок', 'черный', 'принт Power Inside',
 'Футболка DNA Power Inside Loose Tee Black используется для повседневной носки и активного отдыха. Удобна тем, что свободный крой Oversize не сковывает движения. Характеристики: черный цвет, принт "Power Inside", хлопковый материал, свободный крой.'),
(2, 'DNA Power Inside Loose Tee White', 'повседневная футболка', 1990, 'futbolka-dna-power-inside-loose-tee-white.png',
 46, 'хлопок', 'белый', 'принт Power Inside',
 'Футболка DNA Power Inside Loose Tee White используется для повседневного стиля. Удобна тем, что белый цвет освежает образ. Характеристики: белый цвет, принт "Power Inside", свободный крой, мягкий хлопок.'),

-- Игровые футболки Camp Striped Jersey
(3, 'Camp Striped Jersey Black-Blue', 'игровая футболка', 2490, 'futbolka-igrovaya-camp-striped-jersey-black-blue.png',
 48, 'полиэстер', 'черно-синий', 'полоски',
 'Игровая футболка Camp Striped Jersey Black-Blue используется для футбольных матчей и интенсивных тренировок. Удобна тем, что легкая, дышащая и быстро сохнет. Характеристики: черный цвет с синими полосками, технология отвода влаги, V-образный вырез.'),
(4, 'Camp Striped Jersey Black-Red', 'игровая футболка', 2490, 'futbolka-igrovaya-camp-striped-jersey-black-red.png',
 48, 'полиэстер', 'черно-красный', 'полоски',
 'Игровая футболка Camp Striped Jersey Black-Red используется для командных игр. Удобна тем, что яркие красные полосы выделяют игрока на поле. Характеристики: черный цвет с красными полосками, легкий полиэстер, эластичные манжеты.'),
(5, 'Camp Striped Jersey Black-White', 'игровая футболка', 2490,
 'futbolka-igrovaya-camp-striped-jersey-black-white.png', 48, 'полиэстер', 'черно-белый', 'полоски',
 'Игровая футболка Camp Striped Jersey Black-White используется для домашних матчей. Удобна тем, что классическое сочетание цветов. Характеристики: черный цвет с белыми полосками, технология отвода влаги, удобный крой.'),
(6, 'Camp Striped Jersey детская Black-Blue', 'игровая футболка детская', 1990,
 'futbolka-igrovaya-camp-striped-jersey-detskaya-black-blue.png', 32, 'полиэстер', 'черно-синий', 'полоски',
 'Детская игровая футболка Camp Striped Jersey Black-Blue используется для юных футболистов. Удобна тем, что детский размер и безопасные материалы. Характеристики: детский размер, черный цвет с синими полосками, легкий полиэстер.'),
(7, 'Camp Striped Jersey детская Black-Red', 'игровая футболка детская', 1990,
 'futbolka-igrovaya-camp-striped-jersey-detskaya-black-red.png', 32, 'полиэстер', 'черно-красный', 'полоски',
 'Детская игровая футболка Camp Striped Jersey Black-Red используется для детских турниров. Удобна тем, что яркая и заметная. Характеристики: детский размер, черный цвет с красными полосками, технология отвода влаги.'),
(8, 'Camp Striped Jersey детская Black-White', 'игровая футболка детская', 1990,
 'futbolka-igrovaya-camp-striped-jersey-detskaya-black-white.png', 32, 'полиэстер', 'черно-белый', 'полоски',
 'Детская игровая футболка Camp Striped Jersey Black-White используется для тренировок. Удобна тем, что классический дизайн. Характеристики: детский размер, черный цвет с белыми полосками, дышащий материал.'),
(9, 'Camp Striped Jersey детская Red-Blue', 'игровая футболка детская', 1990,
 'futbolka-igrovaya-camp-striped-jersey-detskaya-red-blue.png', 32, 'полиэстер', 'красно-синий', 'полоски',
 'Детская игровая футболка Camp Striped Jersey Red-Blue используется для ярких команд. Удобна тем, что красный и синий цвета нравятся детям. Характеристики: детский размер, красный цвет с синими полосками, быстросохнущая.'),
(10, 'Camp Striped Jersey Red-Blue', 'игровая футболка', 2490, 'futbolka-igrovaya-camp-striped-jersey-red-blue.png', 48,
 'полиэстер', 'красно-синий', 'полоски',
 'Игровая футболка Camp Striped Jersey Red-Blue используется для выездных матчей. Удобна тем, что яркий цвет делает игрока заметным. Характеристики: красный цвет с синими полосками, технология отвода влаги, V-образный вырез.'),

-- Игровые футболки Division PerformDry Union
(11, 'Division PerformDry Union Jersey красный-темно-красный-белый детская', 'игровая футболка детская', 2190,
 'futbolka-igrovaya-division-performdry-union-jersey-krasnyy-temno-krasnyy-belyy-detskaya.png', 34, 'полиэстер',
 'красно-темно-красно-белый', 'градиент',
 'Детская игровая футболка Division PerformDry Union используется для детских команд. Удобна тем, что стильный градиентный дизайн. Характеристики: детский размер, красный градиент, технология отвода влаги.'),
(12, 'Division PerformDry Union Jersey красный-темно-красный-белый', 'игровая футболка', 2490,
 'futbolka-igrovaya-division-performdry-union-jersey-krasnyy-temno-krasnyy-belyy.png', 48, 'полиэстер',
 'красно-темно-красно-белый', 'градиент',
 'Игровая футболка Division PerformDry Union в градиенте используется для профессиональных матчей. Удобна тем, что уникальный дизайн выделяет команду. Характеристики: красный градиент, технология отвода влаги, легкий вес.'),

-- Национальные игровые футболки Replica
(13, 'National Away Jersey Replica White', 'игровая футболка', 2290,
 'futbolka-igrovaya-national-away-jersey-replica-white.png', 48, 'полиэстер', 'белый', 'логотип',
 'Игровая футболка National Away Jersey Replica White используется для матчей на выезде. Удобна тем, что реплика официальной формы национальной сборной. Характеристики: белый цвет, логотип сборной, технология отвода влаги.'),
(14, 'National Home Jersey Replica Red', 'игровая футболка', 2290,
 'futbolka-igrovaya-national-home-jersey-replica-red.png', 48, 'полиэстер', 'красный', 'логотип',
 'Игровая футболка National Home Jersey Replica Red используется для домашних матчей. Удобна тем, что красный цвет традиционный для сборной. Характеристики: красный цвет, эмблема сборной, классический крой.'),

-- Национальные игровые футболки PerformDry
(15, 'National PerformDry Away Jersey', 'игровая футболка профессиональная', 2790,
 'futbolka-igrovaya-national-performdry-away-jersey-none.png', 48, 'полиэстер', 'белый', 'логотип',
 'Профессиональная игровая футболка National PerformDry Away Jersey используется для официальных выездных матчей. Удобна тем, что технология отводит влагу при интенсивных нагрузках. Характеристики: белый цвет, профессиональный уровень, легкий вес.'),
(16, 'National PerformDry Away Jersey White', 'игровая футболка профессиональная', 2790,
 'futbolka-igrovaya-national-performdry-away-jersey-white.png', 48, 'полиэстер', 'белый', 'логотип',
 'Игровая футболка National PerformDry Away Jersey White используется для выездных турниров. Удобна тем, что максимально комфортная. Характеристики: белый цвет, технология отвода влаги, анатомический крой.'),
(17, 'National PerformDry Home Jersey', 'игровая футболка профессиональная', 2790,
 'futbolka-igrovaya-national-performdry-home-jersey-none.png', 48, 'полиэстер', 'красный', 'логотип',
 'Профессиональная игровая футболка National PerformDry Home Jersey используется для домашних официальных матчей. Удобна тем, что сочетает традиции и современные технологии. Характеристики: красный цвет, технология отвода влаги, усиленные швы.'),
(18, 'National PerformDry Home Jersey Red', 'игровая футболка профессиональная', 2790,
 'futbolka-igrovaya-national-performdry-home-jersey-red.png', 48, 'полиэстер', 'красный', 'логотип',
 'Игровая футболка National PerformDry Home Jersey Red используется для игр на родном стадионе. Удобна тем, что вдохновляет на победу. Характеристики: красный цвет, профессиональный полиэстер, отвод влаги.'),

-- Женские национальные игровые футболки
(19, 'National PerformDry Away Jersey W White', 'игровая футболка женская', 2790,
 'futbolka-igrovaya-zhenskaya-national-performdry-away-jersey-w-white.png', 44, 'полиэстер', 'белый', 'логотип',
 'Женская игровая футболка National PerformDry Away Jersey White используется для выездных матчей женской команды. Удобна тем, что имеет женский крой и технологию отвода влаги. Характеристики: женский размер, белый цвет, анатомический крой.'),
(20, 'National PerformDry Home Jersey W', 'игровая футболка женская', 2790,
 'futbolka-igrovaya-zhenskaya-national-performdry-hme-jersey-w.png', 44, 'полиэстер', 'красный', 'логотип',
 'Женская игровая футболка National PerformDry Home Jersey используется для домашних матчей женской команды. Удобна тем, что идеально сидит по фигуре. Характеристики: женский размер, красный цвет, технология отвода влаги.'),

-- Тренировочные футболки Camp
(21, 'Camp Training Tee Black', 'тренировочная футболка', 1490, 'futbolka-trenirovochnaya-camp-traning-tee-black.png',
 46, 'полиэстер', 'черный', 'без принта',
 'Тренировочная футболка Camp Training Tee Black используется для ежедневных тренировок. Удобна тем, что доступная цена и хорошее качество. Характеристики: черный цвет, легкий полиэстер.'),
(22, 'Camp Training Tee детская White', 'тренировочная футболка детская', 1290,
 'futbolka-trenirovochnaya-camp-traning-tee-detskaya-white.png', 32, 'полиэстер', 'белый', 'без принта',
 'Детская тренировочная футболка Camp Training Tee White используется для физкультуры и тренировок. Удобна тем, что белый цвет подходит для любой команды. Характеристики: детский размер, белый цвет, легкий полиэстер.'),
(23, 'Camp Training Tee Red', 'тренировочная футболка', 1490, 'futbolka-trenirovochnaya-camp-traning-tee-red.png', 46,
 'полиэстер', 'красный', 'без принта',
 'Тренировочная футболка Camp Training Tee Red используется для разминочных тренировок. Удобна тем, что яркий цвет заметен. Характеристики: красный цвет, дышащий материал, свободный крой.'),
(24, 'Camp Training Tee White', 'тренировочная футболка', 1490, 'futbolka-trenirovochnaya-camp-traning-tee-white.png',
 46, 'полиэстер', 'белый', 'без принта',
 'Тренировочная футболка Camp Training Tee White используется для тренировок в жару. Удобна тем, что белый цвет отражает солнечные лучи. Характеристики: белый цвет, технология отвода влаги, легкий вес.'),

-- Тренировочные футболки Division PerformDry Training CVC
(25, 'Division PerformDry Training CVC Blue', 'тренировочная футболка', 1890,
 'futbolka-trenirovochnaya-division-performdry-training-cvc-blue.png', 46, 'полиэстер', 'синий', 'без принта',
 'Тренировочная футболка Division PerformDry Training CVC Blue используется для интенсивных тренировок. Удобна тем, что материал сочетает мягкость и функциональность. Характеристики: синий цвет, технология отвода влаги, удобный крой.'),
(26, 'Division PerformDry Training CVC Dark Grey', 'тренировочная футболка', 1890,
 'futbolka-trenirovochnaya-division-performdry-training-cvc-dark-grey.png', 46, 'полиэстер', 'темно-серый',
 'без принта',
 'Тренировочная футболка Division PerformDry Training CVC Dark Grey используется для повседневных тренировок. Удобна тем, что практичный немаркий цвет. Характеристики: темно-серый цвет, отвод влаги.'),
(27, 'Division PerformDry Training CVC Red', 'тренировочная футболка', 1890,
 'futbolka-trenirovochnaya-division-performdry-training-cvc-red.png', 46, 'полиэстер', 'красный', 'без принта',
 'Тренировочная футболка Division PerformDry Training CVC Red используется для командных тренировок. Удобна тем, что яркий цвет. Характеристики: красный цвет, технология отвода влаги, мягкий материал.'),
(28, 'Division PerformDry Training CVC White', 'тренировочная футболка', 1890,
 'futbolka-trenirovochnaya-division-performdry-training-cvc-white.png', 46, 'полиэстер', 'белый', 'без принта',
 'Тренировочная футболка Division PerformDry Training CVC White используется для летних тренировок. Удобна тем, что светлая и не нагревается. Характеристики: белый цвет, технология отвода влаги.'),

-- Тренировочные футболки Premier PerformDry Training Poly
(29, 'Premier PerformDry Training Poly Tee Black', 'тренировочная футболка', 1690,
 'futbolka-trenirovochnaya-premier-performdry-training-poly-tee-black.png', 46, 'полиэстер', 'черный', 'без принта',
 'Тренировочная футболка Premier PerformDry Training Poly Tee Black используется для профессиональных тренировок. Удобна тем, что технология обеспечивает комфорт. Характеристики: черный цвет, отвод влаги.'),
(30, 'Premier PerformDry Training Poly Tee Blue', 'тренировочная футболка', 1690,
 'futbolka-trenirovochnaya-premier-performdry-training-poly-tee-blue.png', 46, 'полиэстер', 'синий', 'без принта',
 'Тренировочная футболка Premier PerformDry Training Poly Tee Blue используется для игровых тренировок. Удобна тем, что синий цвет успокаивает. Характеристики: синий цвет, технология отвода влаги, легкий вес.'),
(31, 'Premier PerformDry Training Poly Tee Dark Blue', 'тренировочная футболка', 1690,
 'futbolka-trenirovochnaya-premier-performdry-training-poly-tee-dark-blue.png', 46, 'полиэстер', 'темно-синий',
 'без принта',
 'Тренировочная футболка Premier PerformDry Training Poly Tee Dark Blue используется для вечерних тренировок. Удобна тем, что глубокий цвет. Характеристики: темно-синий цвет, быстросохнущая.'),
(32, 'Premier PerformDry Training Poly Tee Grey', 'тренировочная футболка', 1690,
 'futbolka-trenirovochnaya-premier-performdry-training-poly-tee-grey.png', 46, 'полиэстер', 'серый', 'без принта',
 'Тренировочная футболка Premier PerformDry Training Poly Tee Grey используется для универсальных тренировок. Удобна тем, что серый цвет подходит ко всему. Характеристики: серый цвет, технология отвода влаги, эластичный материал.'),
(33, 'Premier PerformDry Training Poly Tee Red', 'тренировочная футболка', 1690,
 'futbolka-trenirovochnaya-premier-performdry-training-poly-tee-red.png', 46, 'полиэстер', 'красный', 'без принта',
 'Тренировочная футболка Premier PerformDry Training Poly Tee Red используется для разминки. Удобна тем, что яркий цвет бодрит. Характеристики: красный цвет, свободный крой.'),
(34, 'Premier PerformDry Training Poly Tee White', 'тренировочная футболка', 1690,
 'futbolka-trenirovochnaya-premier-performdry-training-poly-tee-white.png', 46, 'полиэстер', 'белый', 'без принта',
 'Тренировочная футболка Premier PerformDry Training Poly Tee White используется для тренировок в помещении. Удобна тем, что универсальный белый цвет. Характеристики: белый цвет, легкий полиэстер.'),

-- Тренировочные майки Division PerformDry Training CVC
(35, 'Division PerformDry Training CVC 98 Dark Grey', 'тренировочная майка', 1590,
 'mayka-trenirovochnaya-division-performdry-training-cvc-98-dark-grey.png', 46, 'полиэстер', 'темно-серый',
 'без принта',
 'Тренировочная майка Division PerformDry Training CVC 98 Dark Grey используется для интенсивных тренировок в жару. Удобна тем, что без рукавов обеспечивает максимальную вентиляцию. Характеристики: темно-серый цвет, отвод влаги.'),
(36, 'Division PerformDry Training CVC Dark Blue', 'тренировочная майка', 1590,
 'mayka-trenirovochnaya-division-performdry-training-cvc-dark-blue.png', 46, 'полиэстер', 'темно-синий', 'без принта',
 'Тренировочная майка Division PerformDry Training CVC Dark Blue используется для беговых тренировок. Удобна тем, что не стесняет движения рук. Характеристики: темно-синий цвет, технология отвода влаги, легкий вес.'),

-- Женские поло Premier PerformDry CVC Polo
(37, 'Premier PerformDry CVC Polo W Black', 'женское поло', 2290,
 'polo-zhenskoe-premier-performdry-cvc-polo-w-black.png', 44, 'полиэстер', 'черный', 'без принта',
 'Женское поло Premier PerformDry CVC Polo Black используется для повседневной и спортивной носки. Удобно тем, что женский крой и воротник-поло. Характеристики: женский размер, черный цвет, технология отвода влаги.'),
(38, 'Premier PerformDry CVC Polo W Blue', 'женское поло', 2290, 'polo-zhenskoe-premier-performdry-cvc-polo-w-blue.png',
 44, 'полиэстер', 'синий', 'без принта',
 'Женское поло Premier PerformDry CVC Polo Blue используется для тренировок и активного отдыха. Удобно тем, что стильный синий цвет. Характеристики: женский размер, синий цвет, воротник-поло, технология отвода влаги.'),
(39, 'Premier PerformDry CVC Polo W Red', 'женское поло', 2290, 'polo-zhenskoe-premier-performdry-cvc-polo-w-red.png',
 44, 'полиэстер', 'красный', 'без принта',
 'Женское поло Premier PerformDry CVC Polo Red используется для командных мероприятий. Удобно тем, что яркий красный цвет. Характеристики: женский размер, красный цвет, дышащее.'),
(40, 'Premier PerformDry CVC Polo W White', 'женское поло', 2290,
 'polo-zhenskoe-premier-performdry-cvc-polo-w-white.png', 44, 'полиэстер', 'белый', 'без принта',
 'Женское поло Premier PerformDry CVC Polo White используется для повседневной носки. Удобно тем, что белый цвет универсальный. Характеристики: женский размер, белый цвет, воротник-поло, технология отвода влаги.');

INSERT INTO protective_cloth (id, name, type, price, image_url, colour, size_product, description)
VALUES (1, 'Щитки футбольные JA-201 Black', 'футбольные щитки', 990, 'shchitki-futbolnye-ja-201-black.png', 'черный',
        'S',
        'Футбольные щитки JA-201 Black — используются для защиты голени от ударов во время игры. Анатомическая форма, пластиковая внешняя часть, мягкий подклад, фиксация липучкой или компрессионным рукавом.'),
       (2, 'Щитки футбольные JA-201 Blue', 'футбольные щитки', 990, 'shchitki-futbolnye-ja-201-blue.png', 'синий', 'M',
        'Футбольные щитки JA-201 Blue — используются для защиты голени на тренировках и матчах. Ударопрочный пластик, эргономичная форма, перфорация для вентиляции.'),
       (3, 'Щитки футбольные JA-201', 'футбольные щитки', 990, 'shchitki-futbolnye-ja-201.png', 'желтый', 'S',
        'Футбольные щитки JA-201 — классическая модель для защиты голени. Легкий вес, анатомическая форма, мягкая подкладка.'),
       (4, 'Щитки футбольные JA-205', 'футбольные щитки', 1290, 'shchitki-futbolnye-ja-205.png', 'черный', 'L',
        'Футбольные щитки JA-205 — усиленная модель для профессиональной игры. Двойной слой защиты, мягкий неопреновый подклад, увеличенная площадь защиты.'),
       (5, 'Щитки футбольные JA-207', 'футбольные щитки', 1490, 'shchitki-futbolnye-ja-207.png', 'черный/белый', 'XS',
        'Футбольные щитки JA-207 — анатомическая модель с улучшенной фиксацией. Защита голени и щиколотки, компрессионный рукав в комплекте.'),
       (6, 'Щитки футбольные Pro Air Lite', 'футбольные щитки', 1790, 'shchitki-futbolnye-proairlite.png',
        'черный/белый', 'S',
        'Футбольные щитки Pro Air Lite — профессиональная модель с максимальной вентиляцией. Технология Air Flow, сверхлегкий вес, анатомическая форма, множественные вентиляционные отверстия.'),
       (7, 'Щитки футбольные Pro Flex', 'футбольные щитки', 1590, 'shchitki-futbolnye-proflex.png', 'черный', 'S',
        'Футбольные щитки Pro Flex — гибкая модель для максимальной свободы движений. Ударопрочный полипропилен, мягкий подклад, технология Flex.'),
       (8, 'Щитки футбольные Pro Lite White', 'футбольные щитки', 1690, 'shchitki-futbolnye-prolite-white.png', 'белый',
        'L',
        'Футбольные щитки Pro Lite White — легкая профессиональная модель. Сверхлегкий материал, анатомическая форма, перфорация, вес около 80 г.'),
       (9, 'Щитки футбольные Pro Lite', 'футбольные щитки', 1690, 'shchitki-futbolnye-prolite.png', 'черный', 'L',
        'Футбольные щитки Pro Lite — профессиональные щитки для активных игроков. Легкий пластик, эргономичная форма, мягкий подклад из пены, надежная фиксация.');

INSERT INTO gloves (id, name, type, price, image_url, colour, size_gloves, description)
VALUES

-- Genesis серия
(1, 'Genesis SL3 Negative Hybrid', 'вратарские перчатки', 3990, 'perchatki-vratarskie-genesis-sl3-negative-hybrid.png',
 'желтый', '10',
 'Вратарские перчатки Genesis SL3 Negative Hybrid используются для профессиональных вратарей в футболе. Удобны тем, что имеют комбинированный крой Negative Hybrid для лучшего контроля мяча. Характеристики: латекс 4 мм, зона удара с пеной высокой плотности, эластичный манжет на липучке.'),
(2, 'Genesis SL4 Negative Hybrid', 'вратарские перчатки', 4290, 'perchatki-vratarskie-genesis-sl4-negative-hybrid.png',
 'желтый', '6',
 'Вратарские перчатки Genesis SL4 Negative Hybrid используются для матчей высокого уровня. Удобны тем, что усиленная зона пальцев защищает от гиперразгибания. Характеристики: латекс 4.5 мм, крой Negative Hybrid, система фиксации запястья.'),
(3, 'Genesis UL4 Evolution Negative Hybrid', 'вратарские перчатки', 4590,
 'perchatki-vratarskie-genesis-ul4-evolution-negative-hybrid.png', 'желтый', '10',
 'Вратарские перчатки Genesis UL4 Evolution Negative Hybrid — эволюционная модель с улучшенным латексом. Удобны тем, что обеспечивают превосходное сцепление в любую погоду. Характеристики: латекс All Weather, крой Negative Hybrid, текстурированная поверхность.'),

-- Legend BL3 серия
(4, 'Legend BL3 Flat Coral', 'вратарские перчатки', 3490, 'perchatki-vratarskie-legend-bl3-flat-coral.png',
 'коралловый/белый', '6',
 'Вратарские перчатки Legend BL3 Flat Coral используются для тренировок и любительских матчей. Удобны тем, что плоский крой (Flat) обеспечивает большую площадь контакта с мячом. Характеристики: коралловый цвет, латекс 3.5 мм, классический крой, эластичный манжет.'),
(5, 'Legend BL3 Flat White', 'вратарские перчатки', 3490, 'perchatki-vratarskie-legend-bl3-flat-white.png',
 'белый/черный', '6',
 'Вратарские перчатки Legend BL3 Flat White используются для вратарей начального уровня. Удобны тем, что доступная цена и хорошее качество. Характеристики: белый цвет, плоский крой, латекс средней износостойкости.'),

-- Legend SL3 серия
(6, 'Legend SL3 Roll Flat Coral', 'вратарские перчатки', 3790, 'perchatki-vratarskie-legend-sl3-roll-flat-coral.png',
 'коралловый/белый', '10',
 'Вратарские перчатки Legend SL3 Roll Flat Coral имеют комбинированный крой Roll + Flat. Удобны тем, что сочетают комфорт облегания и большую поверхность сцепления. Характеристики: коралловый цвет, гибридный крой, латекс 4 мм.'),
(7, 'Legend SL3 Roll Flat White', 'вратарские перчатки', 3790, 'perchatki-vratarskie-legend-sl3-roll-flat-coral.png',
 'белый/коралловый', '10',
 'Вратарские перчатки Legend SL3 Roll Flat White используются для игр на искусственных полях. Удобны тем, что имеют усиленные зоны износа. Характеристики: белый цвет, гибридный крой, защита пальцев съемная.'),

-- Legend SL4 серия
(8, 'Legend SL4 Roll Negative Coral', 'вратарские перчатки', 4190,
 'perchatki-vratarskie-legend-sl4-roll-negative-coral.png', 'коралловый/белый', '/10',
 'Вратарские перчатки Legend SL4 Roll Negative Coral — профессиональная модель с анатомическим кроем. Удобны тем, что плотно облегают руку и улучшают чувство мяча. Характеристики: коралловый цвет, крой Roll Negative, латекс 4 мм.'),
(9, 'Legend SL4 Roll Negative White', 'вратарские перчатки', 4190,
 'perchatki-vratarskie-legend-sl4-roll-negative-white.png', 'белый/коралловый', '10',
 'Вратарские перчатки Legend SL4 Roll Negative White используются для официальных матчей. Удобны тем, что классический белый цвет подходит к любой форме. Характеристики: белый цвет, анатомический крой, отличное сцепление.'),

-- Legend UL4 серия
(10, 'Legend UL4 Aqua Roll Negative White', 'вратарские перчатки', 4490,
 'perchatki-vratarskie-legend-ul4-aqua-roll-negative-white.png', 'белый/аква', '10',
 'Вратарские перчатки Legend UL4 Aqua Roll Negative White — яркая модель с аква-акцентами. Удобны тем, что имеют улучшенную вентиляцию. Характеристики: белый цвет с аква-вставками, крой Roll Negative, латекс 4.5 мм.'),
(11, 'Legend UL4 Roll Negative Coral', 'вратарские перчатки', 4490,
 'perchatki-vratarskie-legend-ul4-roll-negative-coral.png', 'коралловый', '10',
 'Вратарские перчатки Legend UL4 Roll Negative Coral — топовая модель серии Legend. Удобны тем, что латекс повышенной износостойкости. Характеристики: коралловый цвет, крой Roll Negative, профессиональный уровень.'),
(12, 'Legend UL4 Roll Negative White', 'вратарские перчатки', 4490,
 'perchatki-vratarskie-legend-ul4-roll-negative-white.png', 'белый', '10',
 'Вратарские перчатки Legend UL4 Roll Negative White — премиум-модель для профессиональных вратарей. Удобны тем, что обеспечивают максимальный контроль мяча. Характеристики: белый цвет, анатомический крой, латекс высшего качества.'),

-- Magnum AL3 серия
(13, 'Magnum AL3 Flat Black', 'вратарские перчатки', 2990, 'perchatki-vratarskie-magnum-al3-flat-black.png',
 'черный/белый', '9',
 'Вратарские перчатки Magnum AL3 Flat Black используются для интенсивных тренировок. Удобны тем, что практичный черный цвет не маркий. Характеристики: черный цвет, плоский крой, латекс 3.5 мм, усиленный манжет.'),
(14, 'Magnum AL3 Flat White', 'вратарские перчатки', 2990, 'perchatki-vratarskie-magnum-al3-flat-white.png',
 'белый/черный', '7',
 'Вратарские перчатки Magnum AL3 Flat White — бюджетная модель для начинающих вратарей. Удобны тем, что доступная цена и хорошая защита. Характеристики: белый цвет, плоский крой, эластичный манжет.'),

-- Magnum EL4 серия
(15, 'Magnum EL4 Negative Black', 'вратарские перчатки', 3590, 'perchatki-vratarskie-magnum-el4-negative-black.png',
 'черный/желтый', '8',
 'Вратарские перчатки Magnum EL4 Negative Black имеют анатомический крой Negative. Удобны тем, что плотно сидят на руке и не сковывают движения. Характеристики: черный цвет, крой Negative, латекс 4 мм, съемная защита пальцев.'),
(16, 'Magnum Performance EL4 Roll', 'вратарские перчатки', 3890, 'perchatki-vratarskie-magnum-perfomance-el4-roll.png',
 'желтый/черный', '6',
 'Вратарские перчатки Magnum Performance EL4 Roll — улучшенная модель с ролл-кроем. Удобны тем, что обеспечивают отличное сцепление в дождливую погоду. Характеристики: желтый цвет, крой Roll, латекс All Weather.'),

-- Magnum SL3 серия
(17, 'Magnum SL3 Roll Hybrid Blue', 'вратарские перчатки', 4190, 'perchatki-vratarskie-magnum-sl3-roll-hybrid-blue.png',
 'синий/желтый', '9',
 'Вратарские перчатки Magnum SL3 Roll Hybrid Blue — гибридная модель с сочетанием Roll и Negative кроя. Удобны тем, что универсальны и подходят большинству вратарей. Характеристики: синий цвет, гибридный крой, латекс 4.5 мм.'),

-- Magnum UL4 серия
(18, 'Magnum UL4 Roll Hybrid White', 'вратарские перчатки', 4790,
 'perchatki-vratarskie-magnum-ul4-roll-hybrid-white.png', 'белый/синий', '10',
 'Вратарские перчатки Magnum UL4 Roll Hybrid White — флагманская модель серии Magnum. Удобны тем, что сочетают все современные технологии: гибридный крой, премиум-латекс, усиленную защиту. Характеристики: белый цвет, крой Roll Hybrid, профессиональный уровень, максимальное сцепление.');

INSERT INTO gaiters (id, name, type, price, image_url, colour, size_product, description)
VALUES

-- Гетры футбольные JA-003
(1, 'Гетры футбольные JA-003 оранжевый-белый', 'футбольные гетры', 590, 'getry-futbolnye-ja-003-oranzhevyy-belyy.png',
 'оранжево-белый', 'M',
 'Футбольные гетры JA-003 оранжево-белые используются для тренировок и матчей. Удобны тем, что яркий цвет делает игрока заметным на поле. Характеристики: оранжевый с белым, эластичный материал, дышащая структура, усиленная пятка и носок.'),

-- Гетры Match PerformDry
(2, 'Match PerformDry Socks Black', 'футбольные гетры', 890, 'getry-futbolnye-match-performdry-socks-black.png',
 'черный', 'L',
 'Футбольные гетры Match PerformDry Socks Black используются для профессиональных матчей и тренировок. Удобны тем, что технология PerformDry отводит влагу от ноги. Характеристики: черный цвет, технология отвода влаги, компрессионная поддержка, усиленная зона голеностопа.'),
(3, 'Match PerformDry Socks Green', 'футбольные гетры', 890, 'getry-futbolnye-match-performdry-socks-green.png',
 'зеленый', 'S',
 'Футбольные гетры Match PerformDry Socks Green используются для команд с зеленой формой. Удобны тем, что обеспечивают комфорт даже при интенсивных нагрузках. Характеристики: зеленый цвет, технология PerformDry, анатомический крой.'),
(4, 'Match PerformDry Socks Yellow', 'футбольные гетры', 890, 'getry-futbolnye-match-performdry-socks-yellow.png',
 'желтый', 'M',
 'Футбольные гетры Match PerformDry Socks Yellow используются для игры при плохом освещении. Удобны тем, что яркий желтый цвет заметен издалека. Характеристики: желтый цвет, технология отвода влаги, компрессия.'),

-- Гетры Match Socks (базовая серия)
(5, 'Match Socks Black', 'футбольные гетры', 690, 'getry-futbolnye-match-socks-black.png', 'черный', 'S',
 'Футбольные гетры Match Socks Black — классическая модель для повседневных тренировок. Удобны тем, что универсальный черный цвет подходит к любой форме. Характеристики: черный цвет, эластичный полиэстер, усиленные пятка и носок.'),
(6, 'Match Socks Blue', 'футбольные гетры', 690, 'getry-futbolnye-match-socks-blue.png', 'синий', 'L',
 'Футбольные гетры Match Socks Blue используются для команд с синей формой. Удобны тем, что дышащие и быстро сохнут. Характеристики: синий цвет, классический крой, эластичная резинка.'),
(7, 'Match Socks Dark Blue', 'футбольные гетры', 690, 'getry-futbolnye-match-socks-dark-blie.png', 'темно-синий', 'M',
 'Футбольные гетры Match Socks Dark Blue используются для домашних матчей. Удобны тем, что глубокий цвет выглядит строго и профессионально. Характеристики: темно-синий цвет, прочный материал, усиленная зона голени.'),
(8, 'Match Socks Granat', 'футбольные гетры', 690, 'getry-futbolnye-match-socks-granat.png', 'гранатовый', 'S',
 'Футбольные гетры Match Socks Granat используются для команд с бордовой формой. Удобны тем, что насыщенный цвет долго не выцветает. Характеристики: гранатовый цвет, эластичные, дышащие.'),
(9, 'Match Socks Light Blue', 'футбольные гетры', 690, 'getry-futbolnye-match-socks-light-blue.png', 'голубой', 'L',
 'Футбольные гетры Match Socks Light Blue используются для летних тренировок. Удобны тем, что светлый цвет отражает солнечные лучи. Характеристики: голубой цвет, легкий материал, хорошая вентиляция.'),
(10, 'Match Socks Red', 'футбольные гетры', 690, 'getry-futbolnye-match-socks-red.png', 'красный', 'M',
 'Футбольные гетры Match Socks Red используются для выездных матчей. Удобны тем, что яркий цвет выделяет игрока на поле. Характеристики: красный цвет, классический крой, усиленная пятка.'),
(11, 'Match Socks White', 'футбольные гетры', 690, 'getry-futbolnye-match-socks-white.png', 'белый', 'S',
 'Футбольные гетры Match Socks White используются для домашних матчей в светлой форме. Удобны тем, что белый цвет классический и универсальный. Характеристики: белый цвет, эластичный материал, компрессионная поддержка.'),

-- Национальные гетры PerformDry
(12, 'National PerformDry Away Socks White', 'футбольные гетры', 990,
 'getry-futbolnye-national-performdry-away-socks-white.png', 'белый', 'L',
 'Футбольные гетры National PerformDry Away Socks White — официальные гетры для выездных матчей национальной сборной. Удобны тем, что имеют технологию отвода влаги и анатомический крой. Характеристики: белый цвет, технология PerformDry, логотип сборной, профессиональный уровень.'),
(13, 'National PerformDry Home Socks Red', 'футбольные гетры', 990,
 'getry-futbolnye-national-performdry-home-socks-red.png', 'красный', 'M',
 'Футбольные гетры National PerformDry Home Socks Red — официальные гетры для домашних матчей сборной. Удобны тем, что традиционный красный цвет. Характеристики: красный цвет, технология PerformDry, усиленная зона пятки.'),
(14, 'National PerformDry Home Socks White', 'футбольные гетры', 990,
 'getry-futbolnye-national-performdry-home-socks-white.png', 'белый', 'S',
 'Футбольные гетры National PerformDry Home Socks White — классические белые гетры сборной. Удобны тем, что сочетаются с любой формой. Характеристики: белый цвет, технология отвода влаги, профессиональный крой.'),

-- Гольфы футбольные (без стопы)
(15, 'Akron Footless Socks', 'футбольные гольфы', 790, 'golfy-futbolnye-akron-footless-socks.png', 'черный/красный',
 'L',
 'Футбольные гольфы Akron Footless Socks — модель без стопы для использования с собственными носками. Удобны тем, что надеваются поверх обычных носков и обеспечивают дополнительную защиту голени. Характеристики: черный с красным, без стопы, эластичный материал, фиксация щитков.'),
(16, 'Match Footless Socks Grey', 'футбольные гольфы', 690, 'golfy-futbolnye-match-footless-socks-grey.png', 'серый',
 'M',
 'Футбольные гольфы Match Footless Socks Grey — гетры без стопы для профессионального использования. Удобны тем, что практичный серый цвет не маркий. Характеристики: серый цвет, без стопы, компрессионный эффект, усиленная зона голени.'),
(17, 'Match Footless Socks Light Blue', 'футбольные гольфы', 690, 'golfy-futbolnye-match-footless-socks-light-blue.png',
 'голубой', 'S',
 'Футбольные гольфы Match Footless Socks Light Blue — легкие гетры без стопы для тренировок. Удобны тем, что обеспечивают дополнительную защиту от щитков. Характеристики: голубой цвет, без стопы, дышащий материал.'),
(18, 'Match Socks Dark Blue', 'футбольные гольфы', 690, 'golfy-futbolnye-match-socks-dark-blue.png', 'темно-синий', 'L',
 'Футбольные гольфы Match Socks Dark Blue — классические гетры-гольфы для тренировок. Удобны тем, что имеют удлиненную голенище для защиты и фиксации щитков. Характеристики: темно-синий цвет, удлиненный крой, эластичный материал, усиленная пятка.');

INSERT INTO jacket (name, price, image_url, size_jacket, material, colour, description)
VALUES

-- Бомберы
('Essential Fleece Bomber Dark Blue', 3990, 'bomber-essential-fleece-bomber-dark-blue.png', 'M', 'флис', 'темно-синий',
 'Бомбер Essential Fleece Bomber Dark Blue используется для повседневной носки и тренировок в прохладную погоду. Удобен тем, что мягкий флис согревает и не сковывает движения. Характеристики: темно-синий цвет, флисовый материал, эластичные манжеты и низ, боковые карманы.'),

-- Парадные куртки Premier PerformDry Woven
('Premier PerformDry Woven Jacket Black', 4990, 'kurtka-paradnaya-premier-performdry-woven-jacket-black.png', 'L',
 'полиэстер (PerformDry Woven)', 'черный',
 'Парадная куртка Premier PerformDry Woven Jacket Black используется для церемоний и официальных мероприятий. Удобна тем, что имеет строгий вид и технологию отвода влаги. Характеристики: черный цвет, тканый полиэстер, боковые карманы на молнии, эластичные манжеты.'),
('Premier PerformDry Woven Jacket Blue', 4990, 'kurtka-paradnaya-premier-performdry-woven-jacket-blue.png', 'S',
 'полиэстер (PerformDry Woven)', 'синий',
 'Парадная куртка Premier PerformDry Woven Jacket Blue используется для выхода команды на церемонии. Удобна тем, что синий цвет подходит к любой форме. Характеристики: синий цвет, технология PerformDry, легкий вес, ветрозащита.'),
('Premier PerformDry Woven Jacket Dark Blue', 4990, 'kurtka-paradnaya-premier-performdry-woven-jacket-dark-blue.png',
 'XL', 'полиэстер (PerformDry Woven)', 'темно-синий',
 'Парадная куртка Premier PerformDry Woven Jacket Dark Blue используется для тренерского состава. Удобна тем, что глубокий цвет выглядит солидно. Характеристики: темно-синий цвет, тканый материал, карманы на молнии, воротник-стойка.'),
('Premier PerformDry Woven Jacket Grey', 4990, 'kurtka-paradnaya-premier-performdry-woven-jacket-grey.png', 'M',
 'полиэстер (PerformDry Woven)', 'серый',
 'Парадная куртка Premier PerformDry Woven Jacket Grey используется для повседневной носки. Удобна тем, что универсальный серый цвет. Характеристики: серый цвет, технология отвода влаги, эластичный низ, легкая.'),
('Premier PerformDry Woven Jacket Red', 4990, 'kurtka-paradnaya-premier-performdry-woven-jacket-red.png', 'L',
 'полиэстер (PerformDry Woven)', 'красный',
 'Парадная куртка Premier PerformDry Woven Jacket Red используется для ярких командных выходов. Удобна тем, что красный цвет выделяет команду. Характеристики: красный цвет, тканый полиэстер, карманы на молнии, воротник-стойка.'),

-- Спортивные куртки Camp 2 Lined
('Camp 2 Lined Jacket Dark Blue', 3590, 'kurtka-sportivnaya-camp-2-lined-jacket-dark-blue.png', 'L',
 'полиэстер (на подкладе)', 'темно-синий',
 'Спортивная куртка Camp 2 Lined Jacket Dark Blue используется для тренировок в прохладную погоду. Удобна тем, что имеет утепленный подклад. Характеристики: темно-синий цвет, подклад из флиса, боковые карманы, эластичные манжеты.'),
('Camp 2 Lined Jacket детская Dark Blue', 2990, 'kurtka-sportivnaya-camp-2-lined-jacket-detskaya-dark-blue.png', 'S',
 'полиэстер (на подкладе)', 'темно-синий',
 'Детская спортивная куртка Camp 2 Lined Jacket Dark Blue используется для занятий спортом на улице. Удобна тем, что согревает и не стесняет движений. Характеристики: детский размер, темно-синий цвет, флисовый подклад, карманы.'),
('Camp 2 Lined Jacket детская Green', 2990, 'kurtka-sportivnaya-camp-2-lined-jacket-detskaya-green.png', 'M',
 'полиэстер (на подкладе)', 'зеленый',
 'Детская спортивная куртка Camp 2 Lined Jacket Green используется для активных игр. Удобна тем, что яркий зеленый цвет нравится детям. Характеристики: детский размер, зеленый цвет, утепленный подклад, светоотражающие элементы.'),
('Camp 2 Lined Jacket детская Grey', 2990, 'kurtka-sportivnaya-camp-2-lined-jacket-detskaya-grey.png', 'L',
 'полиэстер (на подкладе)', 'серый',
 'Детская спортивная куртка Camp 2 Lined Jacket Grey используется для повседневных тренировок. Удобна тем, что практичный серый цвет. Характеристики: детский размер, серый цвет, флисовый подклад, эластичные манжеты.'),
('Camp 2 Lined Jacket детская Yellow', 2990, 'kurtka-sportivnaya-camp-2-lined-jacket-detskaya-yellow.png', 'S',
 'полиэстер (на подкладе)', 'желтый',
 'Детская спортивная куртка Camp 2 Lined Jacket Yellow используется для занятий в пасмурную погоду. Удобна тем, что яркий желтый цвет заметен. Характеристики: детский размер, желтый цвет, утепленный подклад, светоотражатели.'),
('Camp 2 Lined Jacket Red', 3590, 'kurtka-sportivnaya-camp-2-lined-jacket-red.png', 'M', 'полиэстер (на подкладе)',
 'красный',
 'Спортивная куртка Camp 2 Lined Jacket Red используется для командных тренировок. Удобна тем, что яркий цвет и хорошая защита от ветра. Характеристики: красный цвет, подклад из флиса, боковые карманы, капюшон.'),
('Camp 2 Lined Jacket Yellow', 3590, 'kurtka-sportivnaya-camp-2-lined-jacket-yellow.png', 'XL',
 'полиэстер (на подкладе)', 'желтый',
 'Спортивная куртка Camp 2 Lined Jacket Yellow используется для тренировок при плохом освещении. Удобна тем, что яркий цвет обеспечивает безопасность. Характеристики: желтый цвет, флисовый подклад, эластичный низ, карманы.'),

-- Утепленные куртки
('Утепленная куртка черный', 5990, 'kurtka-uteplennaya-chernyy.png', 'L', 'полиэстер (утепленный)', 'черный',
 'Утепленная куртка черного цвета используется для зимних тренировок и активного отдыха. Удобна тем, что имеет толстый утеплитель и защиту от ветра. Характеристики: черный цвет, синтепоновый утеплитель, капюшон, боковые карманы на молнии.'),
('Утепленная куртка детская черный', 4990, 'kurtka-uteplennaya-detskaya-chernyy.png', 'M', 'полиэстер (утепленный)',
 'черный',
 'Детская утепленная куртка черного цвета используется для зимних игр и занятий спортом. Удобна тем, что согревает и защищает от ветра. Характеристики: детский размер, черный цвет, утеплитель, капюшон, светоотражающие элементы.'),
('Утепленная куртка детская темно-синий', 4990, 'kurtka-uteplennaya-detskaya-temno-siniy.png', 'S',
 'полиэстер (утепленный)', 'темно-синий',
 'Детская утепленная куртка темно-синего цвета используется для зимних тренировок. Удобна тем, что глубокий цвет практичный. Характеристики: детский размер, темно-синий цвет, утеплитель, капюшон, карманы.'),
('Утепленная куртка темно-синий', 5990, 'kurtka-uteplennaya-temno-siniy.png', 'XL', 'полиэстер (утепленный)',
 'темно-синий',
 'Утепленная куртка темно-синего цвета используется для зимнего спорта и повседневной носки. Удобна тем, что сочетает стиль и тепло. Характеристики: темно-синий цвет, синтепоновый утеплитель, капюшон, внутренние карманы.'),

-- Ветрозащитные куртки Camp Rain Jacket
('Camp Rain Jacket Blue', 2490, 'kurtka-vetrozashchitnaya-camp-rain-jacket-blue.png', 'M',
 'полиэстер (водоотталкивающий)', 'синий',
 'Ветрозащитная куртка Camp Rain Jacket Blue используется для тренировок в дождливую и ветреную погоду. Удобна тем, что компактно складывается и не промокает. Характеристики: синий цвет, водоотталкивающее покрытие, капюшон, чехол для хранения.'),
('Camp Rain Jacket черный', 2490, 'kurtka-vetrozashchitnaya-camp-rain-jacket-chernyy.png', 'L',
 'полиэстер (водоотталкивающий)', 'черный',
 'Ветрозащитная куртка Camp Rain Jacket черная используется для защиты от дождя и ветра. Удобна тем, что легкая и не занимает много места. Характеристики: черный цвет, водонепроницаемая ткань, капюшон, карманы.'),
('Camp Rain Jacket детская Blue', 1990, 'kurtka-vetrozashchitnaya-camp-rain-jacket-detskaya-blue.png', 'S',
 'полиэстер (водоотталкивающий)', 'синий',
 'Детская ветрозащитная куртка Camp Rain Jacket Blue используется для занятий спортом на улице в непогоду. Удобна тем, что легкая и защищает от дождя. Характеристики: детский размер, синий цвет, капюшон, светоотражатели.'),
('Camp Rain Jacket детская Red', 1990, 'kurtka-vetrozashchitnaya-camp-rain-jacket-detskaya-red.png', 'M',
 'полиэстер (водоотталкивающий)', 'красный',
 'Детская ветрозащитная куртка Camp Rain Jacket Red используется для защиты от непогоды. Удобна тем, что яркий цвет делает ребенка заметным. Характеристики: детский размер, красный цвет, капюшон, водонепроницаемая.'),
('Camp Rain Jacket Red', 2490, 'kurtka-vetrozashchitnaya-camp-rain-jacket-red.png', 'XL',
 'полиэстер (водоотталкивающий)', 'красный',
 'Ветрозащитная куртка Camp Rain Jacket Red используется для тренировок в дождливую погоду. Удобна тем, что яркий цвет заметен. Характеристики: красный цвет, водоотталкивающая ткань, капюшон, компактное хранение.'),
('Camp Rain Jacket темно-синий', 2490, 'kurtka-vetrozashchitnaya-camp-rain-jacket-temno-siniy.png', 'L',
 'полиэстер (водоотталкивающий)', 'темно-синий',
 'Ветрозащитная куртка Camp Rain Jacket темно-синяя используется для защиты от ветра и дождя. Удобна тем, что универсальный цвет. Характеристики: темно-синий цвет, водонепроницаемая, капюшон, карманы на молнии.'),
('Детская Camp Rain Jacket черный', 1990, 'kurtka-vetrozashchitnaya-detskaya-camp-rain-jacket-chernyy.png', 'S',
 'полиэстер (водоотталкивающий)', 'черный',
 'Детская ветрозащитная куртка Camp Rain Jacket черная используется для защиты от непогоды. Удобна тем, что практичный цвет. Характеристики: детский размер, черный цвет, капюшон, легкая.'),
('Детская Camp Rain Jacket темно-синий', 1990, 'kurtka-vetrozashchitnaya-detskaya-camp-rain-jacket-temno-siniy.png',
 'L', 'полиэстер (водоотталкивающий)', 'темно-синий',
 'Детская ветрозащитная куртка Camp Rain Jacket темно-синяя используется для тренировок в плохую погоду. Удобна тем, что защищает от ветра. Характеристики: детский размер, темно-синий цвет, капюшон, светоотражающие вставки.'),

-- Ветрозащитные куртки Division PerformProof Shower Jacket
('Division PerformProof Shower Jacket Black', 3490,
 'kurtka-vetrozashchitnaya-division-performproof-shower-jacket-black.png', 'M', 'полиэстер (PerformProof)', 'черный',
 'Ветрозащитная куртка Division PerformProof Shower Jacket Black используется для защиты от легкого дождя и ветра. Удобна тем, что технология PerformProof отталкивает воду. Характеристики: черный цвет, водоотталкивающее покрытие, капюшон, карманы на молнии.'),
('Division PerformProof Shower Jacket Dark Blue', 3490,
 'kurtka-vetrozashchitnaya-division-performproof-shower-jacket-dark-blue.png', 'L', 'полиэстер (PerformProof)',
 'темно-синий',
 'Ветрозащитная куртка Division PerformProof Shower Jacket Dark Blue используется для тренировок в непогоду. Удобна тем, что глубокий цвет практичный. Характеристики: темно-синий цвет, технология PerformProof, капюшон, компактная.'),
('Division PerformProof Shower Jacket детская Black', 2790,
 'kurtka-vetrozashchitnaya-division-performproof-shower-jacket-detskaya-black.png', 'S', 'полиэстер (PerformProof)',
 'черный',
 'Детская ветрозащитная куртка Division PerformProof Shower Jacket Black используется для защиты от дождя. Удобна тем, что легкая и безопасная. Характеристики: детский размер, черный цвет, технология PerformProof, светоотражатели.'),
('Division PerformProof Shower Jacket детская Dark Blue', 2790,
 'kurtka-vetrozashchitnaya-division-performproof-shower-jacket-detskaya-dark-blue.png', 'M', 'полиэстер (PerformProof)',
 'темно-синий',
 'Детская ветрозащитная куртка Division PerformProof Shower Jacket Dark Blue используется для тренировок в плохую погоду. Удобна тем, что защищает от ветра. Характеристики: детский размер, темно-синий цвет, технология PerformProof, капюшон.'),

-- Ветрозащитные куртки Premier PerformProof FZ Rain Jacket
('Premier PerformProof FZ Rain Jacket Black', 3990,
 'kurtka-vetrozashchitnaya-premier-performproof-fz-rain-jacket-black.png', 'XL', 'полиэстер (PerformProof)', 'черный',
 'Ветрозащитная куртка Premier PerformProof FZ Rain Jacket Black — профессиональная модель для защиты от дождя. Удобна тем, что имеет полную молнию и технологию отвода влаги. Характеристики: черный цвет, водонепроницаемая, капюшон, карманы на молнии, чехол.'),
('Premier PerformProof FZ Rain Jacket Blue', 3990,
 'kurtka-vetrozashchitnaya-premier-performproof-fz-rain-jacket-blue.png', 'S', 'полиэстер (PerformProof)', 'синий',
 'Ветрозащитная куртка Premier PerformProof FZ Rain Jacket Blue используется для интенсивных тренировок в дождь. Удобна тем, что дышащая и не промокает. Характеристики: синий цвет, технология PerformProof, капюшон, светоотражатели.'),
('Premier PerformProof FZ Rain Jacket Dark Blue', 3990,
 'kurtka-vetrozashchitnaya-premier-performproof-fz-rain-jacket-dark-blue.png', 'M', 'полиэстер (PerformProof)',
 'темно-синий',
 'Ветрозащитная куртка Premier PerformProof FZ Rain Jacket Dark Blue используется для профессионального использования. Удобна тем, что универсальный цвет. Характеристики: темно-синий цвет, водоотталкивающая, полная молния, капюшон.'),
('Premier PerformProof FZ Rain Jacket Grey', 3990,
 'kurtka-vetrozashchitnaya-premier-performproof-fz-rain-jacket-grey.png', 'L', 'полиэстер (PerformProof)', 'серый',
 'Ветрозащитная куртка Premier PerformProof FZ Rain Jacket Grey используется для повседневной защиты от дождя. Удобна тем, что стильный серый цвет. Характеристики: серый цвет, технология PerformProof, легкая, компактная.'),
('Premier PerformProof FZ Rain Jacket Red', 3990,
 'kurtka-vetrozashchitnaya-premier-performproof-fz-rain-jacket-red.png', 'XL', 'полиэстер (PerformProof)', 'красный',
 'Ветрозащитная куртка Premier PerformProof FZ Rain Jacket Red используется для яркой защиты от непогоды. Удобна тем, что красный цвет заметен в дождь. Характеристики: красный цвет, водонепроницаемая, капюшон, карманы на молнии.'),

-- Утепленное пальто
('Утепленное пальто черный', 6990, 'palto-uteplennoe-chernyy.png', 'L', 'полиэстер (утепленный)', 'черный',
 'Утепленное пальто черного цвета используется для зимней повседневной носки и спортивных мероприятий. Удобно тем, что имеет классический крой и надежную защиту от холода. Характеристики: черный цвет, синтепоновый утеплитель, длинный крой, капюшон, карманы.'),

-- Утепленные жилеты
('Утепленный жилет детский темно-синий', 2990, 'zhilet-uteplennyy-detskiy-temno-siniy.png', 'S',
 'полиэстер (утепленный)', 'темно-синий',
 'Детский утепленный жилет темно-синего цвета используется для дополнительного утепления в прохладную погоду. Удобен тем, что не сковывает движения рук. Характеристики: детский размер, темно-синий цвет, синтепоновый утеплитель, карманы, молния.'),
('Утепленный жилет темно-синий', 3990, 'zhilet-uteplennyy-temno-siniy.png', 'M', 'полиэстер (утепленный)',
 'темно-синий',
 'Утепленный жилет темно-синего цвета используется для тренировок в прохладную погоду. Удобен тем, что согревает корпус и оставляет руки свободными. Характеристики: темно-синий цвет, синтепоновый утеплитель, карманы на молнии, воротник-стойка.');

INSERT INTO pants (name, price, image_url, size_pants, material, colour, description)
VALUES ('Camp Tapered Training Pants темно-синий', 2290,
        'bryuki-trenirovochnye-camp-tapered-training-pants-temno-siniy.png',
        'M', 'полиэстер', 'темно-синий',
        'Тренировочные брюки Camp Tapered Training Dark Blue используются для активного отдыха. Удобны тем, что хорошо сидят по фигуре. Характеристики: темно-синий цвет, зауженный крой, эластичный пояс, карманы.'),

-- Тренировочные брюки Division PerformDry Pro Training
       ('Division PerformDry Pro Training Pants Black', 3290,
        'bryuki-trenirovochnye-division-performdry-pro-training-pants-black.png', 'L', 'полиэстер (PerformDry)',
        'черный',
        'Тренировочные брюки Division PerformDry Pro Training Black используются для профессиональных тренировок. Удобны тем, что технология отвода влаги и усиленные швы. Характеристики: черный цвет, эластичный пояс, карманы на молнии, манжеты.'),
       ('Division PerformDry Pro Training Pants Dark Blue', 3290,
        'bryuki-trenirovochnye-division-performdry-pro-training-pants-dark-blue.png', 'M', 'полиэстер (PerformDry)',
        'темно-синий',
        'Тренировочные брюки Division PerformDry Pro Training Dark Blue используются для интенсивных тренировок. Удобны тем, что глубокий цвет практичный. Характеристики: темно-синий цвет, технология PerformDry, карманы, эластичный пояс.'),
       ('Division PerformDry Pro Training Pants детские Black', 2690,
        'bryuki-trenirovochnye-division-performdry-pro-training-pants-detskie-black.png', 'S', 'полиэстер (PerformDry)',
        'черный',
        'Детские тренировочные брюки Division PerformDry Pro Training Black используются для юных спортсменов. Удобны тем, что легкие и удобные. Характеристики: детский размер, черный цвет, технология отвода влаги, манжеты.'),
       ('Division PerformDry Pro Training Pants детские Dark Blue', 2690,
        'bryuki-trenirovochnye-division-performdry-pro-training-pants-detskie-dark-blue.png', 'L',
        'полиэстер (PerformDry)',
        'темно-синий',
        'Детские тренировочные брюки Division PerformDry Pro Training Dark Blue используются для ежедневных тренировок. Удобны тем, что практичный цвет. Характеристики: детский размер, темно-синий цвет, технология PerformDry, карманы.'),

-- Тренировочные брюки Premier PerformDry Training
       ('Premier PerformDry Training Pants', 2790, 'bryuki-trenirovochnye-premier-performdry-training-pants.png', 'XL',
        'полиэстер (PerformDry)', 'черный',
        'Тренировочные брюки Premier PerformDry Training используются для базовых тренировок. Удобны тем, что универсальные и надежные. Характеристики: черный цвет, технология отвода влаги, эластичный пояс, карманы.'),

-- Тренировочные брюки 3/4 с карманами Premier PerformDry
       ('Premier PerformDry 3/4 Training Pants Black', 2490,
        'bryuki-trenirovochnye-s-karmanami-premier-performdry-3-4-training-pants-black.png', 'M',
        'полиэстер (PerformDry)',
        'черный',
        'Тренировочные брюки 3/4 Premier PerformDry Black используются для тренировок в теплую погоду. Удобны тем, что укороченная длина не перегревает. Характеристики: черный цвет, длина 3/4, технология PerformDry, карманы на молнии.'),
       ('Premier PerformDry 3/4 Training Pants Dark Blue', 2490,
        'bryuki-trenirovochnye-s-karmanami-premier-performdry-3-4-training-pants-dark-blue.png', 'L',
        'полиэстер (PerformDry)',
        'темно-синий',
        'Тренировочные брюки 3/4 Premier PerformDry Dark Blue используются для летних тренировок. Удобны тем, что глубокий цвет практичный. Характеристики: темно-синий цвет, длина 3/4, технология отвода влаги, карманы.'),
       ('Premier PerformDry 3/4 Training Pants Dark Grey', 2490,
        'bryuki-trenirovochnye-s-karmanami-premier-performdry-3-4-training-pants-dark-grey.png', 'S',
        'полиэстер (PerformDry)',
        'темно-серый',
        'Тренировочные брюки 3/4 Premier PerformDry Dark Grey используются для активного отдыха. Удобны тем, что универсальный цвет. Характеристики: темно-серый цвет, длина 3/4, технология PerformDry, карманы.'),

-- Тренировочные брюки с карманами Premier PerformDry Training
       ('Premier PerformDry Training Pants Black (с карманами)', 2990,
        'bryuki-trenirovochnye-s-karmanami-premier-performdry-training-pants-black.png', 'XL', 'полиэстер (PerformDry)',
        'черный',
        'Тренировочные брюки Premier PerformDry Training Black с карманами используются для повседневных тренировок. Удобны тем, что есть место для телефона. Характеристики: черный цвет, технология отвода влаги, два кармана на молнии, манжеты.'),
       ('Premier PerformDry Training Pants Dark Blue (с карманами)', 2990,
        'bryuki-trenirovochnye-s-karmanami-premier-performdry-training-pants-dark-blue.png', 'M',
        'полиэстер (PerformDry)',
        'темно-синий',
        'Тренировочные брюки Premier PerformDry Training Dark Blue с карманами используются для длительных тренировок. Удобны тем, что практичный цвет. Характеристики: темно-синий цвет, технология PerformDry, карманы на молнии, эластичный пояс.'),
       ('Premier PerformDry Training Pants Dark Grey (с карманами)', 2990,
        'bryuki-trenirovochnye-s-karmanami-premier-performdry-training-pants-dark-grey.png', 'L',
        'полиэстер (PerformDry)',
        'темно-серый',
        'Тренировочные брюки Premier PerformDry Training Dark Grey с карманами используются для фитнеса. Удобны тем, что универсальный цвет. Характеристики: темно-серый цвет, технология отвода влаги, карманы, эластичный пояс.'),
       ('Premier PerformDry Training Z Pants', 3190,
        'bryuki-trenirovochnye-s-karmanami-premier-performdry-training-z-pants.png', 'S', 'полиэстер (PerformDry)',
        'черный',
        'Тренировочные брюки Premier PerformDry Training Z Pants используются для профессиональных тренировок. Удобны тем, что имеют молнии на манжетах (Z-крой). Характеристики: черный цвет, технология PerformDry, карманы на молнии, молнии по бокам.'),

-- Флисовые брюки детские
       ('Essential Cotton Fleece Pants детские Dark Blue', 1990,
        'flisovye-bryuki-essential-cotton-fleece-pants-detskie-dark-blue.png', 'M', 'хлопок (флис)', 'темно-синий',
        'Детские флисовые брюки Essential Cotton Fleece Dark Blue используются для повседневной носки и активных игр. Удобны тем, что мягкий флис согревает и приятен к телу. Характеристики: детский размер, темно-синий цвет, эластичный пояс, карманы, манжеты.');

INSERT INTO sweater (name, price, image_url, size_sweater, material, colour, description)
VALUES

-- Тренировочные джемперы Camp Training Top 1/4 Zip
('Camp Training Top 1/4 Zip черный', 2790, 'dzhemper-trenirovochnyy-camp-training-top-1-4-zip-chernyy.png', 'L',
 'полиэстер', 'черный',
 'Тренировочный джемпер Camp Training Top 1/4 Zip черный используется для разминки и тренировок в прохладную погоду. Удобен тем, что имеет молнию на 1/4 для регулировки вентиляции. Характеристики: черный цвет, застежка 1/4, эластичные манжеты, воротник-стойка.'),
('Camp Training Top 1/4 Zip синий', 2790, 'dzhemper-trenirovochnyy-camp-training-top-1-4-zip-siniy.png', 'M',
 'полиэстер', 'синий',
 'Тренировочный джемпер Camp Training Top 1/4 Zip синий используется для командных тренировок. Удобен тем, что яркий цвет и хорошая защита от ветра. Характеристики: синий цвет, молния 1/4, дышащий материал, карман на молнии.'),
('Camp Training Top 1/4 Zip темно-синий', 2790, 'dzhemper-trenirovochnyy-camp-training-top-1-4-zip-temno-siniy.png',
 'XL', 'полиэстер', 'темно-синий',
 'Тренировочный джемпер Camp Training Top 1/4 Zip темно-синий используется для повседневных тренировок. Удобен тем, что практичный цвет и удобный крой. Характеристики: темно-синий цвет, застежка 1/4, эластичный низ, карманы.'),

-- Тренировочные джемперы Division PerformDry Pro Training Top
('Division PerformDry Pro Training Top Black', 3490,
 'dzhemper-trenirovochnyy-division-performdry-pro-training-top-black.png', 'L', 'полиэстер (PerformDry)', 'черный',
 'Тренировочный джемпер Division PerformDry Pro Training Top Black используется для профессиональных тренировок. Удобен тем, что технология PerformDry отводит влагу и сохраняет тепло. Характеристики: черный цвет, технология отвода влаги, эластичные манжеты, карманы.'),
('Division PerformDry Pro Training Top Blue', 3490,
 'dzhemper-trenirovochnyy-division-performdry-pro-training-top-blue.png', 'M', 'полиэстер (PerformDry)', 'синий',
 'Тренировочный джемпер Division PerformDry Pro Training Top Blue используется для интенсивных тренировок. Удобен тем, что яркий цвет заметен на поле. Характеристики: синий цвет, технология PerformDry, воротник-стойка, карманы на молнии.'),
('Division PerformDry Pro Training Top Dark Blue', 3490,
 'dzhemper-trenirovochnyy-division-performdry-pro-training-top-dark-blue.png', 'S', 'полиэстер (PerformDry)',
 'темно-синий',
 'Тренировочный джемпер Division PerformDry Pro Training Top Dark Blue используется для предматчевой разминки. Удобен тем, что глубокий цвет выглядит строго. Характеристики: темно-синий цвет, технология отвода влаги, эластичный пояс, карманы.'),
('Division PerformDry Pro Training Top детский Black', 2790,
 'dzhemper-trenirovochnyy-division-performdry-pro-training-top-detskiy-black.png', 'S', 'полиэстер (PerformDry)',
 'черный',
 'Детский тренировочный джемпер Division PerformDry Pro Training Top Black используется для юных спортсменов. Удобен тем, что легкий и удобный. Характеристики: детский размер, черный цвет, технология PerformDry, эластичные манжеты.'),
('Division PerformDry Pro Training Top детский Blue', 2790,
 'dzhemper-trenirovochnyy-division-performdry-pro-training-top-detskiy-blue.png', 'M', 'полиэстер (PerformDry)',
 'синий',
 'Детский тренировочный джемпер Division PerformDry Pro Training Top Blue используется для тренировок. Удобен тем, что яркий цвет нравится детям. Характеристики: детский размер, синий цвет, технология отвода влаги, карманы.'),
('Division PerformDry Pro Training Top детский Dark Blue', 2790,
 'dzhemper-trenirovochnyy-division-performdry-pro-training-top-detskiy-dark-blue.png', 'L', 'полиэстер (PerformDry)',
 'темно-синий',
 'Детский тренировочный джемпер Division PerformDry Pro Training Top Dark Blue используется для ежедневных тренировок. Удобен тем, что практичный цвет. Характеристики: детский размер, темно-синий цвет, технология PerformDry, эластичный низ.'),

-- Тренировочные джемперы на молнии Premier PerformDry Training FZ Jacket
('Premier PerformDry Training FZ Jacket Black', 3990,
 'dzhemper-trenirovochnyy-na-molnii-premier-performdry-training-fz-jacket-black.png', 'XL', 'полиэстер (PerformDry)',
 'черный',
 'Тренировочный джемпер на молнии Premier PerformDry Training FZ Jacket Black используется для разминки и тренировок. Удобен тем, что имеет полную молнию для легкого надевания. Характеристики: черный цвет, полная молния, карманы на молнии, эластичные манжеты.'),
('Premier PerformDry Training FZ Jacket Blue', 3990,
 'dzhemper-trenirovochnyy-na-molnii-premier-performdry-training-fz-jacket-blue.png', 'M', 'полиэстер (PerformDry)',
 'синий',
 'Тренировочный джемпер на молнии Premier PerformDry Training FZ Jacket Blue используется для командных тренировок. Удобен тем, что яркий цвет. Характеристики: синий цвет, полная молния, технология PerformDry, воротник-стойка.'),
('Premier PerformDry Training FZ Jacket Dark Blue', 3990,
 'dzhemper-trenirovochnyy-na-molnii-premier-performdry-training-fz-jacket-dark-blue.png', 'L', 'полиэстер (PerformDry)',
 'темно-синий',
 'Тренировочный джемпер на молнии Premier PerformDry Training FZ Jacket Dark Blue используется для повседневных тренировок. Удобен тем, что глубокий цвет. Характеристики: темно-синий цвет, полная молния, карманы, эластичный низ.'),
('Premier PerformDry Training FZ Jacket Grey', 3990,
 'dzhemper-trenirovochnyy-na-molnii-premier-performdry-training-fz-jacket-grey.png', 'S', 'полиэстер (PerformDry)',
 'серый',
 'Тренировочный джемпер на молнии Premier PerformDry Training FZ Jacket Grey используется для универсальных тренировок. Удобен тем, что нейтральный цвет. Характеристики: серый цвет, полная молния, технология PerformDry, карманы.'),
('Premier PerformDry Training FZ Jacket Red', 3990,
 'dzhemper-trenirovochnyy-na-molnii-premier-performdry-training-fz-jacket-red.png', 'XL', 'полиэстер (PerformDry)',
 'красный',
 'Тренировочный джемпер на молнии Premier PerformDry Training FZ Jacket Red используется для ярких команд. Удобен тем, что красный цвет выделяет. Характеристики: красный цвет, полная молния, технология отвода влаги, карманы на молнии.'),

-- Тренировочные джемперы Premier PerformDry 1/4 Zip Fleece Top
('Premier PerformDry 1/4 Zip Fleece Top Black', 3590,
 'dzhemper-trenirovochnyy-premier-performdry-training-1-4-zip-fleece-top-black.png', 'L', 'полиэстер (флис)', 'черный',
 'Тренировочный джемпер Premier PerformDry 1/4 Zip Fleece Top Black используется для тренировок в холодную погоду. Удобен тем, что мягкий флис согревает. Характеристики: черный цвет, молния 1/4, флисовый материал, карманы.'),
('Premier PerformDry 1/4 Zip Fleece Top Blue', 3590,
 'dzhemper-trenirovochnyy-premier-performdry-training-1-4-zip-fleece-top-blue.png', 'M', 'полиэстер (флис)', 'синий',
 'Тренировочный джемпер Premier PerformDry 1/4 Zip Fleece Top Blue используется для зимних тренировок. Удобен тем, что синий цвет и тепло. Характеристики: синий цвет, застежка 1/4, флис, эластичные манжеты.'),
('Premier PerformDry 1/4 Zip Fleece Top Grey', 3590,
 'dzhemper-trenirovochnyy-premier-performdry-training-1-4-zip-fleece-top-grey.png', 'S', 'полиэстер (флис)', 'серый',
 'Тренировочный джемпер Premier PerformDry 1/4 Zip Fleece Top Grey используется для повседневной носки. Удобен тем, что универсальный цвет. Характеристики: серый цвет, молния 1/4, флисовый материал, карманы.'),
('Premier PerformDry 1/4 Zip Fleece Top Red', 3590,
 'dzhemper-trenirovochnyy-premier-performdry-training-1-4-zip-fleece-top-red.png', 'XL', 'полиэстер (флис)', 'красный',
 'Тренировочный джемпер Premier PerformDry 1/4 Zip Fleece Top Red используется для активных тренировок. Удобен тем, что яркий цвет. Характеристики: красный цвет, застежка 1/4, флис, карманы на молнии.'),

-- Тренировочные джемперы Premier PerformDry 1/4 Zip Top
('Premier PerformDry 1/4 Zip Top Black', 3290,
 'dzhemper-trenirovochnyy-premier-performdry-training-1-4-zip-top-black.png', 'L', 'полиэстер (PerformDry)', 'черный',
 'Тренировочный джемпер Premier PerformDry 1/4 Zip Top Black используется для разминки. Удобен тем, что легкий и дышащий. Характеристики: черный цвет, молния 1/4, технология отвода влаги, воротник-стойка.'),
('Premier PerformDry 1/4 Zip Top Blue', 3290,
 'dzhemper-trenirovochnyy-premier-performdry-training-1-4-zip-top-blue.png', 'M', 'полиэстер (PerformDry)', 'синий',
 'Тренировочный джемпер Premier PerformDry 1/4 Zip Top Blue используется для командных тренировок. Удобен тем, что синий цвет. Характеристики: синий цвет, застежка 1/4, технология PerformDry, эластичные манжеты.'),
('Premier PerformDry 1/4 Zip Top Dark Blue', 3290,
 'dzhemper-trenirovochnyy-premier-performdry-training-1-4-zip-top-dark-blue.png', 'XL', 'полиэстер (PerformDry)',
 'темно-синий',
 'Тренировочный джемпер Premier PerformDry 1/4 Zip Top Dark Blue используется для тренировок. Удобен тем, что глубокий цвет. Характеристики: темно-синий цвет, молния 1/4, технология отвода влаги, карманы.'),
('Premier PerformDry 1/4 Zip Top Grey', 3290,
 'dzhemper-trenirovochnyy-premier-performdry-training-1-4-zip-top-grey.png', 'S', 'полиэстер (PerformDry)', 'серый',
 'Тренировочный джемпер Premier PerformDry 1/4 Zip Top Grey используется для универсальных тренировок. Удобен тем, что нейтральный цвет. Характеристики: серый цвет, застежка 1/4, технология PerformDry, воротник-стойка.'),
('Premier PerformDry 1/4 Zip Top Red', 3290, 'dzhemper-trenirovochnyy-premier-performdry-training-1-4-zip-top-red.png',
 'L', 'полиэстер (PerformDry)', 'красный',
 'Тренировочный джемпер Premier PerformDry 1/4 Zip Top Red используется для ярких команд. Удобен тем, что красный цвет заметен. Характеристики: красный цвет, молния 1/4, технология отвода влаги, эластичный низ.'),

-- Тренировочные джемперы Premier PerformDry Zip Top
('Premier PerformDry Zip Top Grey', 3490, 'dzhemper-trenirovochnyy-premier-performdry-training-zip-top-grey.png', 'M',
 'полиэстер (PerformDry)', 'серый',
 'Тренировочный джемпер Premier PerformDry Zip Top Grey используется для профессиональных тренировок. Удобен тем, что полная молния. Характеристики: серый цвет, полная молния, технология PerformDry, карманы на молнии.'),
('Premier PerformDry Zip Top Red', 3490, 'dzhemper-trenirovochnyy-premier-performdry-training-zip-top-red.png', 'XL',
 'полиэстер (PerformDry)', 'красный',
 'Тренировочный джемпер Premier PerformDry Zip Top Red используется для активных тренировок. Удобен тем, что яркий цвет. Характеристики: красный цвет, полная молния, технология отвода влаги, эластичные манжеты.'),

-- Тренировочные лонгсливы Division PerformDry Training CVC LS
('Division PerformDry Training CVC LS Blue', 1990,
 'longsliv-trenirovochnyy-division-performdry-training-cvc-ls-blue.png', 'L', 'полиэстер (CVC)', 'синий',
 'Тренировочный лонгслив Division PerformDry Training CVC LS Blue используется для тренировок в прохладную погоду. Удобен тем, что длинный рукав согревает. Характеристики: синий цвет, материал CVC, технология отвода влаги, эластичные манжеты.'),
('Division PerformDry Training CVC LS Dark Blue', 1990,
 'longsliv-trenirovochnyy-division-performdry-training-cvc-ls-dark-blue.png', 'M', 'полиэстер (CVC)', 'темно-синий',
 'Тренировочный лонгслив Division PerformDry Training CVC LS Dark Blue используется для ежедневных тренировок. Удобен тем, что практичный цвет. Характеристики: темно-синий цвет, материал CVC, технология PerformDry, воротник-стойка.'),

-- Детские олимпийки Camp Training Jacket FZ
('Олимпийка детская Camp Training Jacket FZ черный', 2690, 'olimpiyka-detskaya-camp-training-jacket-fz-chernyy.png',
 'S', 'полиэстер', 'черный',
 'Детская олимпийка Camp Training Jacket FZ черная используется для тренировок и активных игр. Удобна тем, что легкая и имеет полную молнию. Характеристики: детский размер, черный цвет, полная молния, карманы, эластичные манжеты.'),
('Олимпийка детская Camp Training Jacket FZ синий', 2690, 'olimpiyka-detskaya-camp-training-jacket-fz-siniy.png', 'M',
 'полиэстер', 'синий',
 'Детская олимпийка Camp Training Jacket FZ синяя используется для занятий спортом. Удобна тем, что яркий цвет нравится детям. Характеристики: детский размер, синий цвет, полная молния, технология отвода влаги, капюшон.'),

-- Олимпийки Division PerformDry Pre-Match Knit Jacket
('Division PerformDry Pre-Match Knit Jacket Black', 3290,
 'olimpiyka-division-performdry-pre-match-knit-jacket-black.png', 'L', 'полиэстер (PerformDry)', 'черный',
 'Олимпийка Division PerformDry Pre-Match Knit Jacket Black используется для предматчевой разминки. Удобна тем, что трикотажный материал и технология отвода влаги. Характеристики: черный цвет, полная молния, карманы на молнии, эластичные манжеты.'),
('Division PerformDry Pre-Match Knit Jacket Dark Blue', 3290,
 'olimpiyka-division-performdry-pre-match-knit-jacket-dark-blue.png', 'M', 'полиэстер (PerformDry)', 'темно-синий',
 'Олимпийка Division PerformDry Pre-Match Knit Jacket Dark Blue используется для командной разминки. Удобна тем, что глубокий цвет. Характеристики: темно-синий цвет, технология PerformDry, полная молния, карманы.'),
('Division PerformDry Pre-Match Knit Jacket детская Black', 2690,
 'olimpiyka-division-performdry-pre-match-knit-jacket-detskaya-black.png', 'S', 'полиэстер (PerformDry)', 'черный',
 'Детская олимпийка Division PerformDry Pre-Match Knit Jacket Black используется для юных спортсменов. Удобна тем, что легкая и удобная. Характеристики: детский размер, черный цвет, технология отвода влаги, полная молния, карманы.'),
('Division PerformDry Pre-Match Knit Jacket детская Dark Blue', 2690,
 'olimpiyka-division-performdry-pre-match-knit-jacket-detskaya-dark-blue.png', 'L', 'полиэстер (PerformDry)',
 'темно-синий',
 'Детская олимпийка Division PerformDry Pre-Match Knit Jacket Dark Blue используется для тренировок. Удобна тем, что практичный цвет. Характеристики: детский размер, темно-синий цвет, технология PerformDry, полная молния, эластичные манжеты.'),

-- Толстовки Essential Fleece Sweater
('Essential Fleece Sweater Dark Blue', 2990, 'tolstovka-essential-fleece-sweater-dark-blue.png', 'XL', 'хлопок (флис)',
 'темно-синий',
 'Толстовка Essential Fleece Sweater Dark Blue используется для повседневной носки и активного отдыха. Удобна тем, что мягкий флис согревает и имеет удобный капюшон. Характеристики: темно-синий цвет, флисовый материал, капюшон, карман кенгуру, эластичные манжеты.'),
('Essential Fleece Sweater детская Dark Blue', 2490, 'tolstovka-essential-fleece-sweater-detskaya-dark-blue.png', 'M',
 'хлопок (флис)', 'темно-синий',
 'Детская толстовка Essential Fleece Sweater Dark Blue используется для повседневной носки и игр. Удобна тем, что мягкая и теплая. Характеристики: детский размер, темно-синий цвет, флисовый материал, капюшон, карман кенгуру.');

INSERT INTO sports_underwear (name, price, image_url, size_sports_underwear, material, colour, description)
VALUES

-- Компрессионные футболки с длинным рукавом Camp PerformDry Top LS
('Camp PerformDry Top LS Granat', 1890, 'futbolka-kompressionnaya-camp-performdry-top-ls-granat.png', 'M',
 'полиэстер (PerformDry)', 'гранатовый',
 'Компрессионная футболка Camp PerformDry Top LS Granat используется для интенсивных тренировок и соревнований. Удобна тем, что компрессия улучшает кровообращение и поддерживает мышцы. Характеристики: гранатовый цвет, длинный рукав, технология отвода влаги, компрессионный эффект.'),
('Camp PerformDry Top LS Green', 1890, 'futbolka-kompressionnaya-camp-performdry-top-ls-green.png', 'L',
 'полиэстер (PerformDry)', 'зеленый',
 'Компрессионная футболка Camp PerformDry Top LS Green используется для тренировок на открытом воздухе. Удобна тем, что защищает мышцы от переохлаждения. Характеристики: зеленый цвет, длинный рукав, технология PerformDry, компрессия.'),
('Camp PerformDry Top LS Yellow', 1890, 'futbolka-kompressionnaya-camp-performdry-top-ls-yellow.png', 'S',
 'полиэстер (PerformDry)', 'желтый',
 'Компрессионная футболка Camp PerformDry Top LS Yellow используется для вечерних тренировок. Удобна тем, что яркий цвет обеспечивает безопасность. Характеристики: желтый цвет, длинный рукав, технология отвода влаги, светоотражающие элементы.'),

-- Компрессионные футболки с коротким рукавом Camp PerformDry Top SS
('Camp PerformDry Top SS Black', 1490, 'futbolka-kompressionnaya-camp-performdry-top-ss-black.png', 'XL',
 'полиэстер (PerformDry)', 'черный',
 'Компрессионная футболка Camp PerformDry Top SS Black используется для тренировок в зале и на улице. Удобна тем, что легкая и отводит влагу. Характеристики: черный цвет, короткий рукав, компрессионный эффект, технология PerformDry.'),
('Camp PerformDry Top SS Blue', 1490, 'futbolka-kompressionnaya-camp-performdry-top-ss-blue.png', 'M',
 'полиэстер (PerformDry)', 'синий',
 'Компрессионная футболка Camp PerformDry Top SS Blue используется для бега и фитнеса. Удобна тем, что поддерживает мышцы и не сковывает движения. Характеристики: синий цвет, короткий рукав, технология отвода влаги, компрессия.'),
('Camp PerformDry Top SS Dark Blue', 1490, 'futbolka-kompressionnaya-camp-performdry-top-ss-dark-blue.png', 'L',
 'полиэстер (PerformDry)', 'темно-синий',
 'Компрессионная футболка Camp PerformDry Top SS Dark Blue используется для профессионального спорта. Удобна тем, что глубокий цвет практичный. Характеристики: темно-синий цвет, короткий рукав, технология PerformDry, компрессионный эффект.'),
('Camp PerformDry Top SS Dark Grey', 1490, 'futbolka-kompressionnaya-camp-performdry-top-ss-dark-grey.png', 'S',
 'полиэстер (PerformDry)', 'темно-серый',
 'Компрессионная футболка Camp PerformDry Top SS Dark Grey используется для ежедневных тренировок. Удобна тем, что универсальный цвет. Характеристики: темно-серый цвет, короткий рукав, технология отвода влаги, компрессия.'),
('Camp PerformDry Top SS White', 1490, 'futbolka-kompressionnaya-camp-performdry-top-ss-white.png', 'M',
 'полиэстер (PerformDry)', 'белый',
 'Компрессионная футболка Camp PerformDry Top SS White используется для тренировок в жару. Удобна тем, что белый цвет отражает солнечные лучи. Характеристики: белый цвет, короткий рукав, технология PerformDry, компрессионный эффект.'),

-- Компрессионные футболки с длинным рукавом Camp Top LS PerformDry JBL
('Camp Top LS PerformDry JBL черный-белый', 1990,
 'futbolka-kompressionnaya-s-dlinnym-rukavom-camp-top-ls-performdry-jbl-1200-061-chernyy-belyy.png', 'L',
 'полиэстер (PerformDry)', 'черно-белый',
 'Компрессионная футболка Camp Top LS PerformDry JBL черно-белая используется для профессиональных тренировок. Удобна тем, что контрастный дизайн и улучшенная компрессия. Характеристики: черный с белым, длинный рукав, технология PerformDry, компрессионный эффект.'),
('Camp Top LS PerformDry JBL синий-белый', 1990,
 'futbolka-kompressionnaya-s-dlinnym-rukavom-camp-top-ls-performdry-jbl-1200-071-siniy-belyy.png', 'M',
 'полиэстер (PerformDry)', 'сине-белый',
 'Компрессионная футболка Camp Top LS PerformDry JBL сине-белая используется для командных тренировок. Удобна тем, что яркий дизайн. Характеристики: синий с белым, длинный рукав, технология отвода влаги, компрессия.'),
('Camp Top LS PerformDry JBL темно-синий-белый', 1990,
 'futbolka-kompressionnaya-s-dlinnym-rukavom-camp-top-ls-performdry-jbl-1200-091-temno-siniy-belyy.png', 'XL',
 'полиэстер (PerformDry)', 'темно-сине-белый',
 'Компрессионная футболка Camp Top LS PerformDry JBL темно-сине-белая используется для интенсивных нагрузок. Удобна тем, что глубокий цвет и компрессия. Характеристики: темно-синий с белым, длинный рукав, технология PerformDry.'),
('Camp Top LS PerformDry JBL белый-черный', 1990,
 'futbolka-kompressionnaya-s-dlinnym-rukavom-j-gel-camp-top-ls-performdry-jbl-1200-016-belyy-chernyy.png', 'S',
 'полиэстер (PerformDry)', 'бело-черный',
 'Компрессионная футболка Camp Top LS PerformDry JBL бело-черная используется для матчей. Удобна тем, что классическое сочетание цветов. Характеристики: белый с черным, длинный рукав, технология отвода влаги, компрессионный эффект.'),

-- Женские леггинсы
('Essential Tights W Dark Blue', 1790, 'leginsy-zhenskie-essential-tights-w-dark-blue.png', 'S',
 'полиэстер (эластичный)', 'темно-синий',
 'Женские леггинсы Essential Tights W Dark Blue используются для тренировок и фитнеса. Удобны тем, что эластичные, не сковывают движения и имеют женский крой. Характеристики: женский размер, темно-синий цвет, высокая посадка, эластичный пояс.'),

-- Компрессионные тайтсы Camp PerformDry Baselayer Tights
('Camp PerformDry Baselayer Tights Black', 1690, 'taytsy-kompressionnye-camp-performdry-baselayer-tights-black.png',
 'L', 'полиэстер (PerformDry)', 'черный',
 'Компрессионные тайтсы Camp PerformDry Baselayer Tights Black используются для бега и интенсивных тренировок. Удобны тем, что поддерживают мышцы ног и отводят влагу. Характеристики: черный цвет, компрессионный эффект, технология PerformDry, эластичный пояс.'),
('Camp PerformDry Baselayer Tights Blue', 1690, 'taytsy-kompressionnye-camp-performdry-baselayer-tights-blue.png', 'M',
 'полиэстер (PerformDry)', 'синий',
 'Компрессионные тайтсы Camp PerformDry Baselayer Tights Blue используются для командных тренировок. Удобны тем, что яркий цвет. Характеристики: синий цвет, компрессия, технология отвода влаги, эластичные.'),
('Camp PerformDry Baselayer Tights Dark Blue', 1690,
 'taytsy-kompressionnye-camp-performdry-baselayer-tights-dark-blue.png', 'XL', 'полиэстер (PerformDry)', 'темно-синий',
 'Компрессионные тайтсы Camp PerformDry Baselayer Tights Dark Blue используются для зимних тренировок. Удобны тем, что глубокий цвет практичный. Характеристики: темно-синий цвет, компрессионный эффект, технология PerformDry.'),
('Camp PerformDry Baselayer Tights Dark Green', 1690,
 'taytsy-kompressionnye-camp-performdry-baselayer-tights-dark-green.png', 'S', 'полиэстер (PerformDry)',
 'темно-зеленый',
 'Компрессионные тайтсы Camp PerformDry Baselayer Tights Dark Green используются для тренировок на природе. Удобны тем, что сливаются с травой. Характеристики: темно-зеленый цвет, компрессия, технология отвода влаги.'),
('Camp PerformDry Baselayer Tights Dark Grey', 1690,
 'taytsy-kompressionnye-camp-performdry-baselayer-tights-dark-grey.png', 'L', 'полиэстер (PerformDry)', 'темно-серый',
 'Компрессионные тайтсы Camp PerformDry Baselayer Tights Dark Grey используются для повседневных тренировок. Удобны тем, что универсальный цвет. Характеристики: темно-серый цвет, компрессионный эффект, технология PerformDry.'),
('Camp PerformDry Baselayer Tights Granat', 1690, 'taytsy-kompressionnye-camp-performdry-baselayer-tights-granat.png',
 'M', 'полиэстер (PerformDry)', 'гранатовый',
 'Компрессионные тайтсы Camp PerformDry Baselayer Tights Granat используются для ярких команд. Удобны тем, что насыщенный цвет. Характеристики: гранатовый цвет, компрессия, технология отвода влаги.'),
('Camp PerformDry Baselayer Tights Grey', 1690, 'taytsy-kompressionnye-camp-performdry-baselayer-tights-grey.png', 'XL',
 'полиэстер (PerformDry)', 'серый',
 'Компрессионные тайтсы Camp PerformDry Baselayer Tights Grey используются для нейтральных тренировок. Удобны тем, что серый цвет подходит ко всему. Характеристики: серый цвет, компрессионный эффект, технология PerformDry.'),
('Camp PerformDry Baselayer Tights Light Blue', 1690,
 'taytsy-kompressionnye-camp-performdry-baselayer-tights-light-blue.png', 'S', 'полиэстер (PerformDry)', 'голубой',
 'Компрессионные тайтсы Camp PerformDry Baselayer Tights Light Blue используются для летних тренировок. Удобны тем, что светлый цвет не нагревается. Характеристики: голубой цвет, компрессия, технология отвода влаги.'),
('Camp PerformDry Baselayer Tights Light Blue1', 1690,
 'taytsy-kompressionnye-camp-performdry-baselayer-tights-light-blue1.png', 'M', 'полиэстер (PerformDry)', 'голубой',
 'Компрессионные тайтсы Camp PerformDry Baselayer Tights Light Blue используются для утренних тренировок. Удобны тем, что свежий цвет. Характеристики: голубой цвет, компрессионный эффект, технология PerformDry.'),
('Camp PerformDry Baselayer Tights Red', 1690, 'taytsy-kompressionnye-camp-performdry-baselayer-tights-red.png', 'L',
 'полиэстер (PerformDry)', 'красный',
 'Компрессионные тайтсы Camp PerformDry Baselayer Tights Red используются для ярких тренировок. Удобны тем, что красный цвет заметен. Характеристики: красный цвет, компрессия, технология отвода влаги.'),
('Camp PerformDry Baselayer Tights Red1', 1690, 'taytsy-kompressionnye-camp-performdry-baselayer-tights-red1.png', 'XL',
 'полиэстер (PerformDry)', 'красный',
 'Компрессионные тайтсы Camp PerformDry Baselayer Tights Red используются для командных тренировок. Удобны тем, что яркий цвет. Характеристики: красный цвет, компрессионный эффект, технология PerformDry.'),
('Camp PerformDry Baselayer Tights Red2', 1690, 'taytsy-kompressionnye-camp-performdry-baselayer-tights-red2.png', 'S',
 'полиэстер (PerformDry)', 'красный',
 'Компрессионные тайтсы Camp PerformDry Baselayer Tights Red используются для интенсивных нагрузок. Удобны тем, что поддерживают мышцы. Характеристики: красный цвет, компрессия, технология отвода влаги.'),
('Camp PerformDry Baselayer Tights White', 1690, 'taytsy-kompressionnye-camp-performdry-baselayer-tights-white.png',
 'M', 'полиэстер (PerformDry)', 'белый',
 'Компрессионные тайтсы Camp PerformDry Baselayer Tights White используются для тренировок в жару. Удобны тем, что белый цвет отражает солнечные лучи. Характеристики: белый цвет, компрессионный эффект, технология PerformDry.'),

-- Компрессионные тайтсы 3/4 Camp PerformDry Tight
('Camp PerformDry Tight 3/4 Black', 1590, 'taytsy-kompressionnye-camp-performdry-tight-3-4-black.png', 'L',
 'полиэстер (PerformDry)', 'черный',
 'Компрессионные тайтсы 3/4 Camp PerformDry Tight Black используются для тренировок в теплую погоду. Удобны тем, что укороченная длина не перегревает. Характеристики: черный цвет, длина 3/4, компрессионный эффект, технология PerformDry.'),
('Camp PerformDry Tight 3/4 Red', 1590, 'taytsy-kompressionnye-camp-performdry-tight-3-4-red.png', 'M',
 'полиэстер (PerformDry)', 'красный',
 'Компрессионные тайтсы 3/4 Camp PerformDry Tight Red используются для ярких тренировок. Удобны тем, что красный цвет заметен. Характеристики: красный цвет, длина 3/4, компрессия, технология отвода влаги.'),
('Camp PerformDry Tight 3/4 White', 1590, 'taytsy-kompressionnye-camp-performdry-tight-3-4-white.png', 'S',
 'полиэстер (PerformDry)', 'белый',
 'Компрессионные тайтсы 3/4 Camp PerformDry Tight White используются для летних тренировок. Удобны тем, что светлый цвет. Характеристики: белый цвет, длина 3/4, компрессионный эффект, технология PerformDry.'),

-- Компрессионные тайтсы длинные Camp Tight Long PerformDry JBL
('Camp Tight Long PerformDry JBL черный-белый', 1990,
 'taytsy-kompressionnye-camp-tight-long-performdry-jbl-1400-061-chernyy-belyy.png', 'XL', 'полиэстер (PerformDry)',
 'черно-белый',
 'Компрессионные тайтсы Camp Tight Long PerformDry JBL черно-белые используются для профессиональных тренировок. Удобны тем, что полная длина и контрастный дизайн. Характеристики: черный с белым, длинные, компрессионный эффект, технология PerformDry.'),

-- Компрессионные тайтсы PerformDry Baselayer Tights 2
('PerformDry Baselayer Tights 2 Dark Blue', 1790, 'taytsy-kompressionnye-performdry-baselayer-tights-2-dark-blue.png',
 'L', 'полиэстер (PerformDry)', 'темно-синий',
 'Компрессионные тайтсы PerformDry Baselayer Tights 2 Dark Blue используются для интенсивных тренировок. Удобны тем, что улучшенная компрессия. Характеристики: темно-синий цвет, компрессионный эффект, технология PerformDry, эластичный пояс.'),
('PerformDry Baselayer Tights 2 Green', 1790, 'taytsy-kompressionnye-performdry-baselayer-tights-2-green.png', 'M',
 'полиэстер (PerformDry)', 'зеленый',
 'Компрессионные тайтсы PerformDry Baselayer Tights 2 Green используются для тренировок на природе. Удобны тем, что цвет сливается с травой. Характеристики: зеленый цвет, компрессия, технология отвода влаги.'),
('PerformDry Baselayer Tights 2 Yellow', 1790, 'taytsy-kompressionnye-performdry-baselayer-tights-2-yellow.png', 'S',
 'полиэстер (PerformDry)', 'желтый',
 'Компрессионные тайтсы PerformDry Baselayer Tights 2 Yellow используются для вечерних тренировок. Удобны тем, что яркий цвет обеспечивает безопасность. Характеристики: желтый цвет, компрессионный эффект, технология PerformDry, светоотражатели.'),

-- Теплые компрессионные тайтсы
('PerformDry Baselayer Warm Tights Dark Blue', 2290,
 'taytsy-kompressionnye-teplye-performdry-baselayer-warm-tights-dark-blue.png', 'XL',
 'полиэстер (утепленный PerformDry)', 'темно-синий',
 'Теплые компрессионные тайтсы PerformDry Baselayer Warm Tights Dark Blue используются для зимних тренировок на улице. Удобны тем, что имеют утепленную подкладку и сохраняют тепло. Характеристики: темно-синий цвет, утепленные, компрессионный эффект, технология PerformDry.');